ID,date,date_code,ventilator,pestfield,COORD_X,COORD_Y,Latitude,Longitude,geom_source
1,Before 1851,1,0,0,529329.970395044190809,180846.585337265511043,51.51175241,-0.13769202,point_from_csv_bng
2,Before 1851,1,0,0,529316.939419229864143,180846.973339610325638,51.51175888,-0.13787956,point_from_csv_bng
3,Before 1851,1,0,0,529323.970205598394386,180835.351098483602982,51.51165283,-0.13778256,point_from_csv_bng
4,Before 1851,1,0,0,529291.026014503091574,180792.489371238101739,51.51127517,-0.13827273,point_from_csv_bng
5,Before 1851,1,0,0,529370.045104179298505,180791.847680181323085,51.51125134,-0.13713493,point_from_csv_bng
6,Before 1851,1,0,0,529363.628646598313935,180800.438509273051750,51.51133001,-0.13722419,point_from_csv_bng
7,Before 1851,1,0,0,529360.027034148573875,180789.235801546717994,51.51123016,-0.13728016,point_from_csv_bng
8,Before 1851,1,0,0,529394.114942291518673,180750.036445413832553,51.51087009,-0.13680360,point_from_csv_bng
9,Before 1851,1,0,0,529392.109565362799913,180746.281712025695015,51.51083680,-0.13683386,point_from_csv_bng
10,Before 1851,1,0,0,529444.655433517880738,180778.427600640919991,51.51111366,-0.13606530,point_from_csv_bng
11,Before 1851,1,0,0,529433.836127512622625,180790.778243717039004,51.51122713,-0.13621660,point_from_csv_bng
12,Before 1851,1,0,0,529430.864559860667214,180787.840633001760580,51.51120141,-0.13626047,point_from_csv_bng
13,Before 1851,1,0,0,529408.332810443709604,180826.997278332419228,51.51155846,-0.13657061,point_from_csv_bng
14,Before 1851,1,0,0,529404.305007982649840,180820.160759270132985,51.51149794,-0.13663113,point_from_csv_bng
15,Before 1851,1,0,0,529397.305768596008420,180826.884868695458863,51.51155997,-0.13672947,point_from_csv_bng
16,Before 1851,1,0,0,529374.258217707974836,180873.940924678114243,51.51198812,-0.13704415,point_from_csv_bng
17,Before 1851,1,0,0,529500.632325841812417,181018.067791280336678,51.51325442,-0.13517118,point_from_csv_bng
18,Before 1851,1,0,0,529502.410524993785657,181014.241069130017422,51.51321962,-0.13514697,point_from_csv_bng
19,Before 1851,1,0,0,529463.655212377663702,181059.381349000846967,51.51363416,-0.13568859,point_from_csv_bng
20,Before 1851,1,0,0,529474.101241305936128,181053.418546972679906,51.51357818,-0.13554033,point_from_csv_bng
21,Before 1851,1,0,0,529469.302837845869362,181002.623171934916172,51.51312280,-0.13562808,point_from_csv_bng
22,Before 1851,1,0,0,529465.221668838523328,181002.014156157907564,51.51311826,-0.13568708,point_from_csv_bng
23,Before 1851,1,0,0,529379.302081724745221,180931.644716581387911,51.51250553,-0.13695035,point_from_csv_bng
24,Before 1851,1,0,0,529365.342407542280853,180935.329740450310055,51.51254184,-0.13715005,point_from_csv_bng
25,Before 1851,1,0,0,529368.397375590866432,180930.862078166275751,51.51250099,-0.13710769,point_from_csv_bng
26,Before 1851,1,0,0,529347.106201050803065,180917.188928554300219,51.51238299,-0.13741935,point_from_csv_bng
27,Before 1851,1,0,0,529337.086151246912777,180910.536657190765254,51.51232550,-0.13756610,point_from_csv_bng
28,Before 1851,1,0,0,529346.932570692151785,180911.628990388067905,51.51233306,-0.13742389,point_from_csv_bng
29,Before 1851,1,0,0,529342.264272585976869,180909.321643696574029,51.51231339,-0.13749197,point_from_csv_bng
30,Before 1851,1,0,0,529363.781983577064238,180881.081615101429634,51.51205469,-0.13719242,point_from_csv_bng
31,Before 1851,1,0,0,529366.845660390914418,180884.526579568802845,51.51208495,-0.13714703,point_from_csv_bng
32,Before 1851,1,0,0,529370.731691444409080,180863.918559749785345,51.51189886,-0.13709862,point_from_csv_bng
33,Before 1851,1,0,0,529366.931192936608568,180872.912670072517358,51.51198056,-0.13715005,point_from_csv_bng
34,Before 1851,1,0,0,529202.995858624926768,181051.314760176348500,51.51362128,-0.13944578,point_from_csv_bng
35,Before 1851,1,0,0,529206.501315380563028,181054.713955638755579,51.51365103,-0.13939405,point_from_csv_bng
36,Before 1851,1,0,0,529382.119558604084887,181127.814334645925555,51.51426780,-0.13683784,point_from_csv_bng
37,Before 1851,1,0,0,529385.922544823726639,181143.968424649676308,51.51441210,-0.13677715,point_from_csv_bng
38,Before 1851,1,0,0,529384.769556310027838,181148.654298740380909,51.51445448,-0.13679203,point_from_csv_bng
39,Before 1851,1,0,0,529376.333590840105899,181155.193772918020841,51.51451518,-0.13691114,point_from_csv_bng
40,Before 1851,1,0,0,529371.661506408592686,181154.437638163159136,51.51450945,-0.13697871,point_from_csv_bng
41,Before 1851,1,0,0,529411.805944527732208,181030.866837821202353,51.51338977,-0.13644583,point_from_csv_bng
42,Before 1851,1,0,0,529417.558716251864098,181039.698250375513453,51.51346782,-0.13635973,point_from_csv_bng
43,Before 1851,1,0,0,529422.361217280151322,181041.969397042645141,51.51348713,-0.13628973,point_from_csv_bng
44,Before 1851,1,0,0,529430.600092079956084,181040.925725818320643,51.51347587,-0.13617145,point_from_csv_bng
45,Before 1851,1,0,0,529430.162574943387881,181027.394760016293731,51.51335437,-0.13618271,point_from_csv_bng
46,Before 1851,1,0,0,529481.887262946227565,181057.222107847395819,51.51361058,-0.13542679,point_from_csv_bng
47,Before 1851,1,0,0,529489.214167047757655,181075.879672159440815,51.51377657,-0.13531442,point_from_csv_bng
48,Before 1851,1,0,0,529502.913769125938416,181066.584666611626744,51.51368990,-0.13512052,point_from_csv_bng
49,Before 1851,1,0,0,529495.566604838590138,181086.748109770414885,51.51387279,-0.13521894,point_from_csv_bng
50,Before 1851,1,0,0,529500.145873338449746,181089.153225712361746,51.51389335,-0.13515210,point_from_csv_bng
51,Before 1851,1,0,0,529321.805729636806063,180849.831571414833888,51.51178345,-0.13780842,point_from_csv_bng
52,Before 1851,1,0,0,529335.365785250440240,180839.238985665666405,51.51168516,-0.13761701,point_from_csv_bng
53,Before 1851,1,0,0,529296.744467887794599,180874.811046360526234,51.51201367,-0.13816021,point_from_csv_bng
54,Before 1851,1,0,0,529298.537577502196655,180878.454571773705538,51.51204600,-0.13813305,point_from_csv_bng
55,Before 1851,1,0,0,529299.486416506697424,180883.515781823894940,51.51209127,-0.13811753,point_from_csv_bng
56,Before 1851,1,0,0,529289.251968885888346,180876.347434942144901,51.51202919,-0.13826756,point_from_csv_bng
57,Before 1851,1,0,0,529289.640413299202919,180882.257884650724009,51.51208221,-0.13825980,point_from_csv_bng
58,Before 1851,1,0,0,529311.305345577304251,180902.525603564747144,51.51225940,-0.13794034,point_from_csv_bng
59,Before 1851,1,0,0,529314.858415442053229,180904.055170758161694,51.51227233,-0.13788861,point_from_csv_bng
60,Before 1851,1,0,0,529293.762415698147379,180924.961972708755638,51.51246504,-0.13818478,point_from_csv_bng
61,Before 1851,1,0,0,529297.293520181439817,180927.354467204422690,51.51248573,-0.13813305,point_from_csv_bng
62,Before 1851,1,0,0,529250.152172721573152,180983.721871084009763,51.51300307,-0.13879136,point_from_csv_bng
63,Before 1851,1,0,0,529254.293145372299477,180986.849428512272425,51.51303023,-0.13873057,point_from_csv_bng
64,Before 1851,1,0,0,529242.684014442027546,180994.901330296997912,51.51310524,-0.13889482,point_from_csv_bng
65,Before 1851,1,0,0,529246.473337528994307,180997.732106337498408,51.51312981,-0.13883921,point_from_csv_bng
66,Before 1851,1,0,0,529211.413036663900129,181052.248341885395348,51.51362775,-0.13932421,point_from_csv_bng
67,Before 1851,1,0,0,529206.158355038613081,181043.479769515397493,51.51355015,-0.13940310,point_from_csv_bng
68,Before 1851,1,0,0,529183.095391651499085,181223.657528391282540,51.51517462,-0.13966931,point_from_csv_bng
69,Before 1851,1,0,0,529211.298248431528918,181013.468188397760969,51.51327927,-0.13934006,point_from_csv_bng
70,Before 1851,1,0,0,529192.229158006841317,181002.413803699251730,51.51318428,-0.13961876,point_from_csv_bng
71,Before 1851,1,0,0,529194.498973727575503,181068.139232175715733,51.51377442,-0.13956200,point_from_csv_bng
72,Before 1851,1,0,0,529545.912841535406187,180936.761084779398516,51.51251337,-0.13454887,point_from_csv_bng
73,Before 1851,1,0,0,529574.576866806601174,180958.300402144726831,51.51270037,-0.13412813,point_from_csv_bng
74,Before 1851,1,0,0,529573.088339775684290,181013.213537800242193,51.51319420,-0.13412940,point_from_csv_bng
75,Before 1851,1,0,0,529565.035842078854330,181039.223267028166447,51.51342978,-0.13423583,point_from_csv_bng
76,Before 1851,1,0,0,529634.668756226426922,181009.379986413114239,51.51314563,-0.13324389,point_from_csv_bng
77,Before 1851,1,1,0,529260.631587175303139,180767.918727238837164,51.51106131,-0.13871947,point_from_csv_bng
78,Before 1851,1,1,0,529178.119651376502588,180875.198005766258575,51.51204425,-0.13986854,point_from_csv_bng
79,Before 1851,1,0,0,529435.523633899167180,181131.678764547803439,51.51429031,-0.13606725,point_from_csv_bng
80,Before 1851,1,0,0,529425.928659299388528,181126.285507179389242,51.51424404,-0.13620742,point_from_csv_bng
81,Before 1851,1,0,0,529437.793792198994197,181116.744246472720988,51.51415558,-0.13604003,point_from_csv_bng
82,Before 1851,1,0,0,529451.543712686048821,181099.982008775696158,51.51400179,-0.13584814,point_from_csv_bng
83,Before 1851,1,0,0,529449.535648594726808,181104.625429368519690,51.51404398,-0.13587536,point_from_csv_bng
84,Before 1851,1,1,0,529483.077497013378888,181242.461976412101649,51.51527500,-0.13534167,point_from_csv_bng
85,Before 1851,1,1,0,529506.451973244664259,181071.832299866771791,51.51373625,-0.13506763,point_from_csv_bng
86,Before 1851,1,1,0,529452.625173697597347,181175.543941054726020,51.51468060,-0.13580484,point_from_csv_bng
87,Before 1851,1,1,0,529378.159853055491112,181315.272897587739863,51.51595334,-0.13682613,point_from_csv_bng
88,Before 1851,1,1,0,529429.847102924948558,181034.032493342412636,51.51341409,-0.13618482,point_from_csv_bng
89,Before 1851,1,0,0,529473.347515029599890,180987.726319056760985,51.51298800,-0.13557529,point_from_csv_bng
90,Before 1851,1,1,0,529206.901615121634677,181050.906051112688147,51.51361671,-0.13938968,point_from_csv_bng
91,Before 1851,1,1,0,529246.644181893207133,180994.229758864734322,51.51309830,-0.13883803,point_from_csv_bng
92,Before 1851,1,1,0,529398.608915181248449,180738.505565585044678,51.51076543,-0.13674311,point_from_csv_bng
93,Before 1851,1,1,0,529437.979607366374694,180783.586805831466336,51.51116156,-0.13615956,point_from_csv_bng
94,Before 1851,1,1,0,529151.355076458770782,181014.068501201574691,51.51329835,-0.14020319,point_from_csv_bng
95,Before 1851,1,1,0,529219.916251480113715,180970.993057503248565,51.51289559,-0.13923150,point_from_csv_bng
96,Before 1851,1,1,0,529140.694333265651949,181092.192505855113268,51.51400287,-0.14032814,point_from_csv_bng
97,Before 1851,1,1,0,529118.257099492708221,180990.892343026876915,51.51309763,-0.14068837,point_from_csv_bng
98,Before 1851,1,0,0,529374.664486652589403,180717.608218021341600,51.51058311,-0.13709561,point_from_csv_bng
99,Before 1851,1,1,0,529359.180548581643961,180711.948955364350695,51.51053580,-0.13732069,point_from_csv_bng
100,Before 1851,1,0,0,529260.821549909887835,181140.971182493085507,51.51441378,-0.13858008,point_from_csv_bng
101,Before 1851,1,0,0,529524.162507330533117,180972.708068433683366,51.51284140,-0.13484893,point_from_csv_bng
102,Before 1851,1,0,0,529529.625530454446562,180972.678952736780047,51.51283988,-0.13477026,point_from_csv_bng
103,Before 1851,1,0,0,529540.918489234056324,180945.862545487703755,51.51259631,-0.13461746,point_from_csv_bng
104,Before 1851,1,0,0,529547.923929092707112,180951.259942531294655,51.51264321,-0.13451458,point_from_csv_bng
105,Before 1851,1,0,0,529549.672164434683509,180948.610916595323943,51.51261900,-0.13449038,point_from_csv_bng
106,Before 1851,1,0,0,529554.868513706838712,180992.009165902389213,51.51300782,-0.13439960,point_from_csv_bng
107,Before 1851,1,0,0,529557.756354844430462,180994.102976738999132,51.51302597,-0.13435724,point_from_csv_bng
108,Before 1851,1,0,0,529574.925809217267670,180971.645185182744171,51.51282022,-0.13411820,point_from_csv_bng
109,Before 1851,1,0,0,529611.570330279995687,180988.741153305920307,51.51296546,-0.13358415,point_from_csv_bng
110,Before 1851,1,0,0,529609.262872687075287,180992.722692661103792,51.51300176,-0.13361592,point_from_csv_bng
111,Before 1851,1,0,0,529611.467060245224275,181001.028029570064973,51.51307590,-0.13358112,point_from_csv_bng
112,Before 1851,1,0,0,529616.632295473362319,181000.318016150267795,51.51306833,-0.13350699,point_from_csv_bng
113,Before 1851,1,0,0,529621.377631742041558,180999.597298218926881,51.51306077,-0.13343891,point_from_csv_bng
114,Before 1851,1,0,0,529651.992990926140919,181022.432033021585084,51.51325896,-0.13298958,point_from_csv_bng
115,Before 1851,1,0,0,529549.399852758971974,181049.950294722279068,51.51352977,-0.13445709,point_from_csv_bng
116,Before 1851,1,0,0,529522.505046401289292,181050.106520595552865,51.51353733,-0.13484439,point_from_csv_bng
117,Before 1851,1,0,0,529517.819801933714189,181048.471969042846467,51.51352372,-0.13491247,point_from_csv_bng
118,Before 1851,1,0,0,529655.311650297837332,180778.767854602134321,51.51106847,-0.13303131,point_from_csv_bng
119,Before 1851,1,0,0,529661.997754521784373,180779.916794949851464,51.51107726,-0.13293459,point_from_csv_bng
120,Before 1851,1,0,0,529647.384573727846146,180926.119538017839659,51.51239449,-0.13309134,point_from_csv_bng
121,Before 1851,1,0,0,529631.663942570216022,180948.474361409724224,51.51259899,-0.13330954,point_from_csv_bng
122,Before 1851,1,0,0,529626.361582245794125,180955.494300715916324,51.51266329,-0.13338333,point_from_csv_bng
123,Before 1851,1,0,0,529635.047593825496733,180956.419642154127359,51.51266961,-0.13325789,point_from_csv_bng
124,Before 1851,1,0,0,529637.223926427774131,180957.178944524319377,51.51267594,-0.13322626,point_from_csv_bng
125,Before 1851,1,0,0,529521.784700379590504,180779.717465961002745,51.51110760,-0.13495401,point_from_csv_bng
126,Before 1851,1,0,0,529518.347547594690695,180775.949410606641322,51.51107452,-0.13500490,point_from_csv_bng
127,Before 1851,1,0,0,529503.654804829275236,180770.195873576682061,51.51102618,-0.13521862,point_from_csv_bng
128,Before 1851,1,0,0,529535.878012184053659,180757.002956461394206,51.51090024,-0.13475938,point_from_csv_bng
129,Before 1851,1,0,0,529527.636446984484792,180744.194401516404469,51.51078702,-0.13488278,point_from_csv_bng
130,Before 1851,1,0,0,529533.190414646058343,180744.619059111108072,51.51078957,-0.13480263,point_from_csv_bng
131,Before 1851,1,0,0,529484.649038559757173,180948.637331725156400,51.51263413,-0.13542686,point_from_csv_bng
132,Before 1851,1,0,0,529501.171398774138652,180918.587095825700089,51.51236029,-0.13519993,point_from_csv_bng
133,Before 1851,1,0,0,529518.362265144241974,180895.287915140739642,51.51214698,-0.13496089,point_from_csv_bng
134,Before 1851,1,0,0,529522.847058749874122,180974.863084273296408,51.51286106,-0.13486709,point_from_csv_bng
135,Before 1851,1,0,0,529109.678244071197696,181240.224050834658556,51.51534026,-0.14072070,point_from_csv_bng
136,Before 1851,1,0,0,529063.994188882177696,181233.143461311992723,51.51528706,-0.14138129,point_from_csv_bng
137,Before 1851,1,0,0,529129.174074962968007,181242.199441509612370,51.51535356,-0.14043917,point_from_csv_bng
138,Before 1851,1,0,0,529189.431549029890448,181267.238881978555582,51.51556482,-0.13956209,point_from_csv_bng
139,Before 1851,1,0,0,529199.150809693732299,181255.117392019368708,51.51545367,-0.13942653,point_from_csv_bng
140,Before 1851,1,0,0,529264.045897997450083,181271.549699697410688,51.51558651,-0.13848580,point_from_csv_bng
141,Before 1851,1,0,0,529262.023245908436365,181284.470189510087948,51.51570309,-0.13851020,point_from_csv_bng
142,Before 1851,1,0,0,529310.606884831329808,181298.376514392846730,51.51581695,-0.13780533,point_from_csv_bng
143,Before 1851,1,0,0,529314.149796835263260,181284.891378574073315,51.51569495,-0.13775924,point_from_csv_bng
144,Before 1851,1,0,0,529324.395524338702671,181289.073865618731361,51.51573020,-0.13761014,point_from_csv_bng
145,Before 1851,1,0,0,529339.224880686379038,181305.439964614750352,51.51587388,-0.13739054,point_from_csv_bng
146,Before 1851,1,0,0,529370.863946383120492,181319.518976877443492,51.51599317,-0.13692966,point_from_csv_bng
147,Before 1851,1,0,0,529378.341819548513740,181321.519399126118515,51.51600943,-0.13682122,point_from_csv_bng
148,Before 1851,1,0,0,529377.831163288326934,181304.612691347312648,51.51585762,-0.13683478,point_from_csv_bng
149,Before 1851,1,0,0,529395.512484331033193,181319.844882466597483,51.51599046,-0.13657452,point_from_csv_bng
150,Before 1851,1,0,0,529400.537371441023424,181307.302554153255187,51.51587659,-0.13650674,point_from_csv_bng
151,Before 1851,1,0,0,529520.751230105292052,180683.743497671617661,51.51024535,-0.13500412,point_from_csv_bng
152,Before 1851,1,0,0,529526.925435197190382,180688.154608917189762,51.51028357,-0.13491358,point_from_csv_bng
153,Before 1851,1,0,0,529585.323692787904292,180666.135490207350813,51.51007232,-0.13408063,point_from_csv_bng
154,Before 1851,1,0,0,529584.756543840281665,180671.941981972660869,51.51012463,-0.13408667,point_from_csv_bng
155,Before 1851,1,0,0,529612.579679275164381,180660.113985638890881,51.51001196,-0.13369031,point_from_csv_bng
156,Before 1851,1,0,0,529604.208297979319468,180670.646888760034926,51.51010853,-0.13380700,point_from_csv_bng
157,Before 1851,1,0,0,529611.239922484150156,180679.781507161038462,51.51018901,-0.13370238,point_from_csv_bng
158,Before 1851,1,0,0,529620.203627558308654,180678.890682251483668,51.51017895,-0.13357362,point_from_csv_bng
159,Before 1851,1,0,0,529678.328365192399360,180859.896266948140692,51.51179226,-0.13267001,point_from_csv_bng
160,Before 1851,1,0,0,529676.810284005827270,180874.067234351590741,51.51191996,-0.13268666,point_from_csv_bng
161,Before 1851,1,0,0,529682.638679568422958,180877.305016508675180,51.51194772,-0.13260153,point_from_csv_bng
162,Before 1851,1,0,0,529690.026696208398789,180874.816347230924293,51.51192366,-0.13249604,point_from_csv_bng
163,Before 1851,1,0,0,529692.314814338926226,180870.755980971618555,51.51188665,-0.13246458,point_from_csv_bng
164,Before 1851,1,0,0,529672.780147456680425,181028.766423477791250,51.51331112,-0.13268786,point_from_csv_bng
165,Before 1851,1,0,0,529671.840560311451554,181037.730211958871223,51.51339189,-0.13269810,point_from_csv_bng
166,Before 1851,1,0,0,529697.113833352108486,181040.906902963644825,51.51341464,-0.13233293,point_from_csv_bng
167,Before 1851,1,0,0,529695.586480815429240,181045.045335889037233,51.51345218,-0.13235340,point_from_csv_bng
168,Before 1851,1,0,0,529189.684574558283202,180877.923126175242942,51.51206610,-0.13970098,point_from_csv_bng
169,Before 1851,1,0,0,529212.520278787822463,180845.449631687428337,51.51176905,-0.13938399,point_from_csv_bng
170,Before 1851,1,0,0,529267.267372616683133,180770.859057225345168,51.51108622,-0.13862283,point_from_csv_bng
171,Before 1851,1,0,0,529265.438871906721033,180774.300162984349299,51.51111756,-0.13864790,point_from_csv_bng
172,Before 1851,1,0,0,529256.717437745886855,180774.950257015181705,51.51112540,-0.13877327,point_from_csv_bng
173,Before 1851,1,0,0,529237.263014492695220,180752.657970260479487,51.51092951,-0.13906162,point_from_csv_bng
174,Before 1851,1,0,0,529234.782080957083963,180756.082496502378490,51.51096085,-0.13909609,point_from_csv_bng
175,Before 1851,1,0,0,529243.446274844231084,180766.242500415362883,51.51105018,-0.13896759,point_from_csv_bng
176,Before 1851,1,0,0,529320.370406885864213,180696.714218504668679,51.51040776,-0.13788521,point_from_csv_bng
177,Before 1851,1,0,0,529316.108971051871777,180698.190046582079958,51.51042200,-0.13794604,point_from_csv_bng
178,Before 1851,1,0,0,529305.745932752732188,180702.823173064971343,51.51046601,-0.13809359,point_from_csv_bng
179,Before 1851,1,0,0,529289.843662548577413,180699.106103772879578,51.51043624,-0.13832397,point_from_csv_bng
180,Before 1851,1,0,0,529285.763349099666812,180689.928866881469730,51.51035470,-0.13838610,point_from_csv_bng
181,Before 1851,1,0,0,529282.662151242373511,180691.722281501570251,51.51037152,-0.13843010,point_from_csv_bng
182,Before 1851,1,0,0,529371.470044833957218,180722.394830072764307,51.51062686,-0.13713986,point_from_csv_bng
183,Before 1851,1,0,0,529360.698743624729104,180716.034891339251772,51.51057217,-0.13729732,point_from_csv_bng
184,Before 1851,1,0,0,529352.518311460153200,180713.454767632996663,51.51055085,-0.13741608,point_from_csv_bng
185,Before 1851,1,0,0,529104.030292741721496,181171.752501181501430,51.51472622,-0.14082710,point_from_csv_bng
186,Before 1851,1,0,0,529098.248193542938679,181169.138894074247219,51.51470405,-0.14091134,point_from_csv_bng
187,Before 1851,1,0,0,529061.850204963586293,181141.820519507164136,51.51446686,-0.14144558,point_from_csv_bng
188,Before 1851,1,0,0,529059.424116409150884,181146.445666102110408,51.51450898,-0.14147883,point_from_csv_bng
189,Before 1851,1,0,0,529044.200578598421998,181151.979190023732372,51.51456218,-0.14169607,point_from_csv_bng
190,Before 1851,1,0,0,529038.966618711012416,181176.266769288456999,51.51478164,-0.14176258,point_from_csv_bng
191,Before 1851,1,0,0,529023.981025435263291,181172.432873801444657,51.51475060,-0.14197982,point_from_csv_bng
192,Before 1851,1,0,0,529020.006091729272157,181159.258365478541236,51.51463312,-0.14204189,point_from_csv_bng
193,Before 1851,1,0,0,529018.101407263660803,181167.596840091864578,51.51470849,-0.14206627,point_from_csv_bng
194,Before 1851,1,0,0,529047.131909287767485,181103.212661139434204,51.51412326,-0.14167169,point_from_csv_bng
195,Before 1851,1,0,0,529067.359930680599064,181064.258904957387131,51.51376858,-0.14139459,point_from_csv_bng
196,Before 1851,1,0,0,529077.716232539387420,181074.635467348387465,51.51385946,-0.14124164,point_from_csv_bng
197,Before 1851,1,0,0,529118.214325383305550,181001.169401433842722,51.51319000,-0.14068523,point_from_csv_bng
198,Before 1851,1,0,0,529102.333944326965138,181002.245993782591540,51.51320330,-0.14091356,point_from_csv_bng
199,Before 1851,1,0,0,529117.949050112511031,180975.262141462881118,51.51295724,-0.14069853,point_from_csv_bng
200,Before 1851,1,0,0,529130.185307416133583,180978.286419346171897,51.51298163,-0.14052119,point_from_csv_bng
201,Before 1851,1,0,0,529179.513210287201218,180866.317688546201680,51.51196413,-0.13985172,point_from_csv_bng
202,Before 1851,1,0,0,529356.645287004765123,181199.098259198071901,51.51491424,-0.13717862,point_from_csv_bng
203,Before 1851,1,0,0,529356.737419154029340,181187.014796733215917,51.51480563,-0.13718172,point_from_csv_bng
204,Before 1851,1,0,0,529420.493684397428297,181234.218886303191539,51.51521525,-0.13624611,point_from_csv_bng
205,Before 1851,1,0,0,529424.889947949326597,181235.021469152241480,51.51522145,-0.13618249,point_from_csv_bng
206,Before 1851,1,0,0,529419.204036149778403,181221.409609492693562,51.51510043,-0.13626938,point_from_csv_bng
207,Before 1851,1,0,0,529431.683191632037051,181230.532816394406836,51.51517956,-0.13608630,point_from_csv_bng
208,Before 1851,1,0,0,529480.228610135614872,181253.178665037325118,51.51537196,-0.13537877,point_from_csv_bng
209,Before 1851,1,0,0,529474.711864826502278,181254.074030692747328,51.51538127,-0.13545790,point_from_csv_bng
210,Before 1851,1,0,0,529472.686265495605767,181249.015438979316968,51.51533627,-0.13548893,point_from_csv_bng
211,Before 1851,1,0,0,529473.105942244990729,181245.227730923215859,51.51530214,-0.13548428,point_from_csv_bng
212,Before 1851,1,0,0,529446.227843642001972,181183.941257403464988,51.51475753,-0.13589390,point_from_csv_bng
213,Before 1851,1,0,0,529450.404441392980516,181184.910919724381529,51.51476528,-0.13583339,point_from_csv_bng
214,Before 1851,1,0,0,529455.525795674417168,181182.624216317955870,51.51474356,-0.13576046,point_from_csv_bng
215,Before 1851,1,0,0,529457.780006660846993,181178.710586814151611,51.51470788,-0.13572943,point_from_csv_bng
216,Before 1851,1,0,0,529446.509128160891123,181172.898533296829555,51.51465822,-0.13589390,point_from_csv_bng
217,Before 1851,1,0,0,529444.470235561602749,181176.817652091849595,51.51469391,-0.13592183,point_from_csv_bng
218,Before 1851,1,0,0,529506.141730710747652,181087.998343899380416,51.51388160,-0.13506616,point_from_csv_bng
219,Before 1851,1,0,0,529508.665994676295668,181082.995437484176364,51.51383606,-0.13503164,point_from_csv_bng
220,Before 1851,1,0,0,529559.251176074612886,181099.077855888113845,51.51396900,-0.13429717,point_from_csv_bng
221,Before 1851,1,0,0,529562.404458688921295,181103.408186625340022,51.51400720,-0.13425016,point_from_csv_bng
222,Before 1851,1,0,0,529566.811296596308239,181096.573521492944565,51.51394477,-0.13418920,point_from_csv_bng
223,Before 1851,1,0,0,529551.006294441409409,181129.069287509482820,51.51424042,-0.13440490,point_from_csv_bng
224,Before 1851,1,0,0,529568.034606857225299,181139.137182317441329,51.51432699,-0.13415595,point_from_csv_bng
225,Before 1851,1,0,0,529598.412201063241810,181159.908140242390800,51.51450669,-0.13371079,point_from_csv_bng
226,Before 1851,1,0,0,529613.856324649997987,181168.602168395940680,51.51458128,-0.13348515,point_from_csv_bng
227,Before 1851,1,0,0,529629.553877497673966,181177.510214048554190,51.51465774,-0.13325579,point_from_csv_bng
228,Before 1851,1,0,0,529513.007299005053937,181188.577858513686806,51.51478390,-0.13493036,point_from_csv_bng
229,Before 1851,1,0,0,529513.424569598864764,181197.566532945726067,51.51486459,-0.13492105,point_from_csv_bng
230,Before 1851,1,0,0,529517.840726549387909,181193.362718347460032,51.51482580,-0.13485899,point_from_csv_bng
231,Before 1851,1,0,0,529501.819763203151524,181196.407516070234124,51.51485683,-0.13508862,point_from_csv_bng
232,Before 1851,1,0,0,529495.085701196105219,181202.796787897998001,51.51491579,-0.13518327,point_from_csv_bng
233,Before 1851,1,0,0,529507.760527145816013,181200.012002905306872,51.51488786,-0.13500173,point_from_csv_bng
234,Before 1851,1,0,0,529497.864886872353964,181207.874591694737319,51.51496079,-0.13514138,point_from_csv_bng
235,Before 1851,1,0,0,529263.901582270162180,181135.273410904337652,51.51436187,-0.13853781,point_from_csv_bng
236,Before 1851,1,0,0,529210.217642988543957,181119.750542763154954,51.51423464,-0.13931671,point_from_csv_bng
237,Before 1851,1,0,0,529210.761979794362560,181106.815320315014105,51.51411827,-0.13931360,point_from_csv_bng
238,Before 1851,1,0,0,529205.284255184931681,181097.698033818975091,51.51403759,-0.13939584,point_from_csv_bng
239,Before 1851,1,0,0,529174.171360985026695,181103.799224087386392,51.51409953,-0.13984172,point_from_csv_bng
240,Before 1851,1,0,0,529188.001560540171340,181099.156118265178520,51.51405464,-0.13964423,point_from_csv_bng
241,Before 1851,1,0,0,529176.366037442465313,181099.193324066756759,51.51405763,-0.13981180,point_from_csv_bng
242,Before 1851,1,0,0,529143.101233308552764,181096.017047311877832,51.51403669,-0.14029208,point_from_csv_bng
243,Before 1851,1,0,0,529141.181050390237942,181008.062221460801084,51.51324670,-0.14035192,point_from_csv_bng
244,Before 1851,1,0,0,529158.638871277682483,181007.839915630756877,51.51324072,-0.14010056,point_from_csv_bng
245,Before 1851,1,0,0,529154.166372424806468,181008.059229410078842,51.51324371,-0.14016490,point_from_csv_bng
246,Before 1851,1,0,0,529193.781015290180221,180957.621106775419321,51.51278139,-0.13961281,point_from_csv_bng
247,Before 1851,1,0,0,529197.077748457784764,180958.703846043848898,51.51279036,-0.13956493,point_from_csv_bng
248,Before 1851,1,0,0,529203.713141312473454,180951.047560763196088,51.51272004,-0.13947217,point_from_csv_bng
249,Before 1851,1,0,0,529202.992588239838369,180946.700534932315350,51.51268114,-0.13948414,point_from_csv_bng
250,Before 1851,1,0,0,529235.235513574443758,180908.395470806630328,51.51232954,-0.13903378,point_from_csv_bng
251,Before 1851,1,0,0,529267.639998915721662,180871.926079780911095,51.51199439,-0.13858044,point_from_csv_bng
252,Before 1851,1,0,0,529406.124379649292678,180713.958359582757112,51.51054312,-0.13664387,point_from_csv_bng
253,Before 1851,1,0,0,529412.341325663495809,180711.206179035827518,51.51051696,-0.13655534,point_from_csv_bng
254,Before 1851,1,0,0,529403.673940207576379,180700.463024304830469,51.51042240,-0.13668411,point_from_csv_bng
255,Before 1851,1,0,0,529403.876311773550697,180708.975709192221984,51.51049885,-0.13667807,point_from_csv_bng
256,Before 1851,1,0,0,529475.975400291499682,180735.886724857846275,51.51072419,-0.13562984,point_from_csv_bng
257,Before 1851,1,0,0,529478.989834174746647,180738.202343052253127,51.51074431,-0.13558558,point_from_csv_bng
258,Before 1851,1,0,0,529500.849209386040457,180702.714160738978535,51.51042039,-0.13528378,point_from_csv_bng
259,Before 1851,1,0,0,529504.356597858946770,180702.131879599473905,51.51041435,-0.13523349,point_from_csv_bng
260,Before 1851,1,0,0,529484.318132499232888,180693.561568294186145,51.51034192,-0.13552522,point_from_csv_bng
261,Before 1851,1,0,0,529490.084920486202464,180697.514489581575617,51.51037612,-0.13544072,point_from_csv_bng
262,Before 1851,1,0,0,529578.748556189239025,180743.207407584122848,51.51076644,-0.13414703,point_from_csv_bng
263,Before 1851,1,0,0,529578.227050579851493,180747.224001712107565,51.51080266,-0.13415306,point_from_csv_bng
264,Before 1851,1,0,0,529345.521648551803082,181200.196355477906764,51.51492665,-0.13733843,point_from_csv_bng
265,Before 1851,1,0,0,529348.830247597419657,181188.712725579272956,51.51482269,-0.13729498,point_from_csv_bng
266,Before 1851,1,0,0,529326.473009323934093,181186.762475342606194,51.51481028,-0.13761772,point_from_csv_bng
267,Before 1851,1,0,0,529298.253661629161797,181169.642244678689167,51.51466288,-0.13803044,point_from_csv_bng
268,Before 1851,1,0,0,529300.197757413727231,181156.742635951319244,51.51454651,-0.13800716,point_from_csv_bng
269,1851,2,1,0,529427.683122690417804,180977.241057094361167,51.51290422,-0.13623682,point_from_csv_bng
270,1851,2,1,0,529562.342426117626019,180812.977445081516635,51.51139720,-0.13435769,point_from_csv_bng
271,1851,2,1,0,529582.887617403292097,180754.724411349103320,51.51086900,-0.13408319,point_from_csv_bng
272,1851,2,1,0,529398.607123465160839,181019.489146737847477,51.51329055,-0.13664010,point_from_csv_bng
273,1851,2,1,1,529336.334616109030321,180990.524543141829781,51.51304450,-0.13754761,point_from_csv_bng
274,1851,2,0,0,529155.076212985557504,181017.746979962859768,51.51333056,-0.14014825,point_from_csv_bng
275,1851,2,0,0,529139.131352831842378,181030.481515512103215,51.51344864,-0.14037324,point_from_csv_bng
276,1851,2,0,0,529138.954461860936135,181037.442796847841237,51.51351124,-0.14037324,point_from_csv_bng
277,1851,2,0,0,529137.574272346100770,181039.397947227931581,51.51352913,-0.14039240,point_from_csv_bng
278,1851,2,0,0,529599.318756238091737,180766.916730517405085,51.51097480,-0.13384207,point_from_csv_bng
279,1851,2,0,0,529596.727837395155802,180772.199982092133723,51.51102287,-0.13387744,point_from_csv_bng
280,1851,2,0,0,529573.322514612693340,180794.657470815698616,51.51123005,-0.13420628,point_from_csv_bng
281,1854,3,1,0,529226.363455539452843,181207.468694951967336,51.51501925,-0.13905203,point_from_csv_bng
282,1854,3,1,0,529154.084387317183428,181177.712627249828074,51.51476835,-0.14010398,point_from_csv_bng
283,1854,3,1,0,529140.872346373856999,181229.626081127091311,51.51523790,-0.14027527,point_from_csv_bng
284,1854,3,1,0,529269.144543949514627,181230.757104095595423,51.51521876,-0.13842731,point_from_csv_bng
285,1854,3,1,1,529237.170266839209944,181065.754621844331268,51.51374324,-0.13894829,point_from_csv_bng
286,1854,3,1,1,529276.449795922962949,181085.717758778948337,51.51391366,-0.13837523,point_from_csv_bng
287,1854,3,1,1,529311.371069093351252,181015.372310380567797,51.51327350,-0.13789804,point_from_csv_bng
288,1854,3,0,0,529614.284579832688905,180892.576520859729499,51.51210063,-0.13358038,point_from_csv_bng
289,1854,3,0,0,529571.264538696734235,180923.291976764332503,51.51238652,-0.13418869,point_from_csv_bng
290,1854,3,1,0,529409.531865361728705,180948.512955995567609,51.51265021,-0.13650878,point_from_csv_bng
291,1854,3,1,0,529520.922245269757695,180861.510882478440180,51.51184285,-0.13493642,point_from_csv_bng
292,1854,3,1,0,529492.317523516016081,180833.913889592571650,51.51160139,-0.13535851,point_from_csv_bng
293,1854,3,0,0,529565.477561667677946,180903.156232169480063,51.51220689,-0.13427943,point_from_csv_bng
294,1854,3,1,0,529631.927824651822448,180831.756604444526602,51.51155002,-0.13334862,point_from_csv_bng
295,1854,3,1,0,529630.980370655190200,180951.440815332753118,51.51262580,-0.13331830,point_from_csv_bng
296,1854,3,0,0,529100.376850808621384,181069.284432022832334,51.51380620,-0.14091721,point_from_csv_bng
297,1854,3,0,0,529572.390915452735499,180768.154499010066502,51.51099209,-0.13422943,point_from_csv_bng
298,1854,3,0,0,529095.078577579348348,181073.946378486289177,51.51384931,-0.14099182,point_from_csv_bng
299,1854,3,0,0,529194.090129400137812,181217.373637995508034,51.51511563,-0.13951325,point_from_csv_bng
300,1854,3,0,0,529185.574568176292814,181216.746941392309964,51.51511195,-0.13963613,point_from_csv_bng
301,1854,3,0,0,529570.628690264187753,180766.667125634325203,51.51097913,-0.13425535,point_from_csv_bng
302,1854,3,0,0,529561.062988872639835,180786.308443779009394,51.51115783,-0.13438591,point_from_csv_bng
303,1854,3,0,0,529553.632309875683859,180850.823112334182952,51.51173931,-0.13446924,point_from_csv_bng
304,1854,3,0,0,529530.181297224247828,180802.315518296440132,51.51130876,-0.13482479,point_from_csv_bng
305,1854,3,0,0,529541.860164525685832,180800.655569666996598,51.51129116,-0.13465720,point_from_csv_bng
306,1854,3,0,0,529565.832779950695112,180877.225564589782152,51.51197378,-0.13428383,point_from_csv_bng
307,1854,3,0,0,529457.681321842712350,180814.170705970143899,51.51143189,-0.13586459,point_from_csv_bng
308,1854,3,0,0,529458.512282118783332,180811.090787930996157,51.51140403,-0.13585376,point_from_csv_bng
309,1854,3,0,0,529435.453185055404902,180783.937339294003323,51.51116528,-0.13619582,point_from_csv_bng
310,1854,3,0,0,529482.572465020697564,180835.334453010349534,51.51161639,-0.13549834,point_from_csv_bng
311,1854,3,0,0,529487.729410807136446,180838.994301517726853,51.51164810,-0.13542273,point_from_csv_bng
312,1854,3,0,0,529545.003400438115932,180785.796050166420173,51.51115691,-0.13461739,point_from_csv_bng
313,1854,3,0,0,529602.677508794120513,180839.324356829631142,51.51162473,-0.13376710,point_from_csv_bng
314,1854,3,0,0,529610.327889723004773,180842.917674127034843,51.51165527,-0.13365560,point_from_csv_bng
315,1854,3,0,0,529607.789467521361075,180886.234395725536160,51.51204513,-0.13367625,point_from_csv_bng
316,1854,3,0,0,529620.832217657007277,180828.171176185831428,51.51152034,-0.13350973,point_from_csv_bng
317,1854,3,0,0,529617.114752956083976,180826.251497691788245,51.51150394,-0.13356398,point_from_csv_bng
318,1854,3,0,0,529640.530741003341973,180835.411586295871530,51.51158089,-0.13322337,point_from_csv_bng
319,1854,3,0,0,529156.503042114782147,181015.690411865711212,51.51331175,-0.14012845,point_from_csv_bng
320,1854,3,0,0,529638.549392651999369,180840.976032999984454,51.51163135,-0.13324986,point_from_csv_bng
321,1854,3,0,0,529617.637795281480066,180888.170050796761643,51.51206027,-0.13353370,point_from_csv_bng
322,1854,3,0,0,529255.111240374855697,180930.348693051317241,51.51252228,-0.13873948,point_from_csv_bng
323,1854,3,0,1,529300.141720043378882,180971.076416354510002,51.51287800,-0.13807601,point_from_csv_bng
324,1854,3,0,0,529216.287771984701976,181173.511130571132526,51.51471638,-0.13920959,point_from_csv_bng
325,1854,3,0,0,529219.494581823004410,181174.146118587406818,51.51472136,-0.13916317,point_from_csv_bng
