Store Key,Store Name,Store Address,Store City,Store State,Store Zip Code,Store County,Store Region,Store Open Date,Last Layout Update,Latitude,Longitude,Store Size,Monthly Rent Cost,Number of Employees,Online Ordering,Selling Square Footage,Total Square Footage,LAST_LAYOUT_UPDATE,MONTHLY_RENT_COST,NUMBER_OF_EMPLOYEES,ONLINE_ORDERING,AVG_PARKING_UTILIZATION,PARKING_CAPACITY,PARKING_SQUARE_FOOTAGE,PARKING_LIMIT_2HR,PARKING_TYPE,SELLING_SQUARE_FOOTAGE,STORE_ADDRESS,STORE_CITY,STORE_COUNTY,STORE_KEY,STORE_NAME,STORE_OPEN_DATE,STORE_REGION,STORE_SIZE,STORE_STATE,STORE_ZIP_CODE,TOTAL_SQUARE_FOOTAGE,Store Area,Store Type,Weekday Open Hour,Weekday Close Hour,Sunday Open Hour,Sunday Close Hour
84,Baltic Store #84,84 Baltic Pass,Bethlehem,Pennsylvania,18015.0,"Lehigh County, Pennsylvania",East,2016-04-20 00:00:00,2021-08-05 00:00:00,40.5859,-75.3672,Small,3800.0,56.0,Curbside Pickup,18000.0,21800.0,2021-08-05 00:00:00,3800.0,56.0,Curbside Pickup,0.376,325.0,73902.0,False,lot,18000.0,84 Baltic Pass,Bethlehem,"Lehigh County, Pennsylvania",84.0,Baltic Store #84,2016-04-20 00:00:00,East,Small,Pennsylvania,18015.0,21800.0,East-1,Store,10,20,11,18
122,Underwood Store #122,122 Underwood Route,Greeley,Colorado,80631.0,"Weld County, Colorado",Southwest,2016-11-25 00:00:00,2019-04-18 00:00:00,40.4429,-104.6731,Large,9300.0,40.0,Delivery to Car,50900.0,61600.0,2019-04-18 00:00:00,9300.0,40.0,Delivery to Car,0.28,827.0,178640.0,True,lot,50900.0,122 Underwood Route,Greeley,"Weld County, Colorado",122.0,Underwood Store #122,2016-11-25 00:00:00,Southwest,Large,Colorado,80631.0,61600.0,Southwest-1,Store,9,21,10,20
725,Clere Store #725,725 Clere Boulevard,Costa Mesa,California,92628.0,"Orange County, California",West,2010-11-08 00:00:00,2018-08-26 00:00:00,33.64,-117.91,Large,9700.0,48.0,Ship to Residence,45600.0,56500.0,2018-08-26 00:00:00,9700.0,48.0,Ship to Residence,0.209,880.0,185320.0,True,lot,45600.0,725 Clere Boulevard,Costa Mesa,"Orange County, California",725.0,Clere Store #725,2010-11-08 00:00:00,West,Large,California,92628.0,56500.0,West-4,Store,9,21,10,20
6,Clarges Store #6,6 Clarges Road,Folsom,California,95630.0,"Sacramento County, California",West,2010-11-28 00:00:00,2019-04-12 00:00:00,38.6666,-121.1416,Small,6000.0,58.0,Delivery to Car,17100.0,19800.0,2019-04-12 00:00:00,6000.0,58.0,Delivery to Car,0.421,255.0,61380.0,True,garage,17100.0,6 Clarges Road,Folsom,"Sacramento County, California",6.0,Clarges Store #6,2010-11-28 00:00:00,West,Small,California,95630.0,19800.0,West-1,Store,10,20,11,18
192,Collent Store #192,192 Collent Rue,Concord,North Carolina,28025.0,"Cabarrus County, North Carolina",South,2020-08-27 00:00:00,2025-09-29 00:00:00,35.3827,-80.5235,Large,6600.0,37.0,Curbside Pickup,49000.0,61300.0,2025-09-29 00:00:00,6600.0,37.0,Curbside Pickup,0.427,677.0,155702.0,True,lot,49000.0,192 Collent Rue,Concord,"Cabarrus County, North Carolina",192.0,Collent Store #192,2020-08-27 00:00:00,South,Large,North Carolina,28025.0,61300.0,South-1,Store,9,21,10,20
178,Commercial Store #178,178 Commercial Tunnel,Berkeley,California,94704.0,"Alameda County, California",West,2017-10-01 00:00:00,2020-05-24 00:00:00,37.8665,-122.258,Large,4000.0,28.0,Delivery to Car,48100.0,59200.0,2020-05-24 00:00:00,4000.0,28.0,Delivery to Car,0.403,753.0,178192.0,True,lot,48100.0,178 Commercial Tunnel,Berkeley,"Alameda County, California",178.0,Commercial Store #178,2017-10-01 00:00:00,West,Large,California,94704.0,59200.0,West-1,Store,9,21,10,20
498,Thrale Store #498,498 Thrale Route,Tucson,Arizona,85726.0,"Pima County, Arizona",Southwest,2015-06-04 00:00:00,2025-07-11 00:00:00,32.2047,-110.9456,Large,1300.0,56.0,Ship to Residence,52300.0,60100.0,2025-07-11 00:00:00,1300.0,56.0,Ship to Residence,0.272,882.0,194724.0,False,garage,52300.0,498 Thrale Route,Tucson,"Pima County, Arizona",498.0,Thrale Store #498,2015-06-04 00:00:00,Southwest,Large,Arizona,85726.0,60100.0,Southwest-2,Store,9,21,10,20
589,Garfield Store #589,589 Garfield Lane,Longview,Texas,75601.0,"Gregg County, Texas",Southwest,2011-12-29 00:00:00,2016-11-10 00:00:00,32.5086,-94.724,Large,9400.0,59.0,,52900.0,60800.0,2016-11-10 00:00:00,9400.0,59.0,,0.488,946.0,206720.0,False,lot,52900.0,589 Garfield Lane,Longview,"Gregg County, Texas",589.0,Garfield Store #589,2011-12-29 00:00:00,Southwest,Large,Texas,75601.0,60800.0,Southwest-2,Store,9,21,10,20
36,Norfolk Store #36,36 Norfolk Crossroad,Jonesboro,Arkansas,72401.0,"Craighead County, Arkansas",South,2012-04-19 00:00:00,2023-05-15 00:00:00,35.8863,-90.6568,Large,1200.0,34.0,In Store Pickup,54900.0,66500.0,2023-05-15 00:00:00,1200.0,34.0,In Store Pickup,0.31,741.0,174230.0,True,garage,54900.0,36 Norfolk Crossroad,Jonesboro,"Craighead County, Arkansas",36.0,Norfolk Store #36,2012-04-19 00:00:00,South,Large,Arkansas,72401.0,66500.0,South-1,Store,9,21,10,20
318,Union Store #318,318 Union Tunnel,Wichita,Kansas,67276.0,"Sedgwick County, Kansas",Midwest,2019-10-17 00:00:00,2022-06-03 00:00:00,37.68,-97.34,Small,8000.0,25.0,Ship to Residence,15100.0,18900.0,2022-06-03 00:00:00,8000.0,25.0,Ship to Residence,,,,False,street,15100.0,318 Union Tunnel,Wichita,"Sedgwick County, Kansas",318.0,Union Store #318,2019-10-17 00:00:00,Midwest,Small,Kansas,67276.0,18900.0,Midwest-2,Store,10,20,11,18
269,Eaglet Store #269,269 Eaglet Street,Oklahoma City,Oklahoma,73125.0,"Oklahoma County, Oklahoma",Southwest,2020-01-13 00:00:00,2016-08-22 00:00:00,35.46,-97.51,Large,1400.0,56.0,In Store Pickup,49100.0,57000.0,2016-08-22 00:00:00,1400.0,56.0,In Store Pickup,0.305,834.0,194370.0,True,lot,49100.0,269 Eaglet Street,Oklahoma City,"Oklahoma County, Oklahoma",269.0,Eaglet Store #269,2020-01-13 00:00:00,Southwest,Large,Oklahoma,73125.0,57000.0,Southwest-1,Store,9,21,10,20
375,Black Swan Store #375,375 Black Swan Street,Fremont,California,94537.0,"Alameda County, California",West,2017-09-18 00:00:00,2023-06-03 00:00:00,37.55,-122.01,Small,10300.0,55.0,In Store Pickup,15100.0,17500.0,2023-06-03 00:00:00,10300.0,55.0,In Store Pickup,0.252,249.0,52675.0,False,lot,15100.0,375 Black Swan Street,Fremont,"Alameda County, California",375.0,Black Swan Store #375,2017-09-18 00:00:00,West,Small,California,94537.0,17500.0,West-2,Store,10,20,11,18
758,Becher Store #758,758 Becher Vale,Yonkers,New York,10701.0,"Westchester County, New York",East,2012-05-29 00:00:00,2024-01-19 00:00:00,40.9454,-73.8805,Small,11500.0,44.0,In Store Pickup,13500.0,16500.0,2024-01-19 00:00:00,11500.0,44.0,In Store Pickup,0.31,201.0,45540.0,False,lot,13500.0,758 Becher Vale,Yonkers,"Westchester County, New York",758.0,Becher Store #758,2012-05-29 00:00:00,East,Small,New York,10701.0,16500.0,East-3,Store,10,20,11,18
831,Ashley Store #831,831 Ashley Vale,Manchester,New Hampshire,3103.0,"Hillsborough County, New Hampshire",East,2017-11-29 00:00:00,2018-08-11 00:00:00,42.9505,-71.4465,Small,3600.0,51.0,Ship to Residence,16200.0,20300.0,2018-08-11 00:00:00,3600.0,51.0,Ship to Residence,0.28,258.0,64148.0,True,lot,16200.0,831 Ashley Vale,Manchester,"Hillsborough County, New Hampshire",831.0,Ashley Store #831,2017-11-29 00:00:00,East,Small,New Hampshire,3103.0,20300.0,East-3,Store,10,20,11,18
508,East Store #508,508 East Drive,Portland,Maine,4101.0,"Cumberland County, Maine",East,2015-08-21 00:00:00,2017-01-28 00:00:00,43.6626,-70.2579,Small,5800.0,61.0,In Store Pickup,15300.0,19100.0,2017-01-28 00:00:00,5800.0,61.0,In Store Pickup,,,,False,street,15300.0,508 East Drive,Portland,"Cumberland County, Maine",508.0,East Store #508,2015-08-21 00:00:00,East,Small,Maine,4101.0,19100.0,East-2,Store,10,20,11,18
118,Caxton Store #118,118 Caxton Boulevard,O'Fallon,Missouri,63366.0,"St. Charles County, Missouri",Midwest,2015-11-25 00:00:00,2019-05-22 00:00:00,38.8574,-90.7255,Small,6500.0,34.0,,19400.0,22900.0,2019-05-22 00:00:00,6500.0,34.0,,0.446,343.0,76028.0,False,lot,19400.0,118 Caxton Boulevard,O'Fallon,"St. Charles County, Missouri",118.0,Caxton Store #118,2015-11-25 00:00:00,Midwest,Small,Missouri,63366.0,22900.0,Midwest-1,Store,10,20,11,18
184,Linda Store #184,184 Linda Street,Aurora,Illinois,60505.0,"DuPage County, Illinois",Midwest,2015-09-14 00:00:00,2021-04-27 00:00:00,41.7645,-88.2947,Large,3600.0,37.0,Curbside Pickup,49600.0,61900.0,2021-04-27 00:00:00,3600.0,37.0,Curbside Pickup,0.21,869.0,210460.0,False,lot,49600.0,184 Linda Street,Aurora,"DuPage County, Illinois",184.0,Linda Store #184,2015-09-14 00:00:00,Midwest,Large,Illinois,60505.0,61900.0,Midwest-1,Store,9,21,10,20
544,Aberavon Store #544,544 Aberavon Drive,Downey,California,90241.0,"Los Angeles County, California",West,2016-03-04 00:00:00,2024-04-05 00:00:00,33.9403,-118.129,Large,10000.0,27.0,Delivery to Car,47300.0,59100.0,2024-04-05 00:00:00,10000.0,27.0,Delivery to Car,0.409,693.0,159570.0,False,lot,47300.0,544 Aberavon Drive,Downey,"Los Angeles County, California",544.0,Aberavon Store #544,2016-03-04 00:00:00,West,Large,California,90241.0,59100.0,West-3,Store,9,21,10,20
942,Clarges Store #942,942 Clarges Crossroad,Gastonia,North Carolina,28052.0,"Gaston County, North Carolina",South,2014-07-14 00:00:00,2023-02-28 00:00:00,35.2147,-81.2332,Large,3400.0,46.0,Curbside Pickup,52800.0,65400.0,2023-02-28 00:00:00,3400.0,46.0,Curbside Pickup,0.296,860.0,196200.0,True,garage,52800.0,942 Clarges Crossroad,Gastonia,"Gaston County, North Carolina",942.0,Clarges Store #942,2014-07-14 00:00:00,South,Large,North Carolina,28052.0,65400.0,South-3,Store,9,21,10,20
870,Cliff Store #870,870 Cliff Crossroad,Eagan,Minnesota,55122.0,"Dakota County, Minnesota",Midwest,2012-01-07 00:00:00,2023-12-03 00:00:00,44.8068,-93.2015,Large,3000.0,58.0,Ship to Residence,47200.0,55300.0,2023-12-03 00:00:00,3000.0,58.0,Ship to Residence,,,,False,street,47200.0,870 Cliff Crossroad,Eagan,"Dakota County, Minnesota",870.0,Cliff Store #870,2012-01-07 00:00:00,Midwest,Large,Minnesota,55122.0,55300.0,Midwest-4,Store,9,21,10,20
250,Sherlock Store #250,250 Sherlock Road,Birmingham,Alabama,35203.0,"Jefferson County, Alabama",South,2013-01-15 00:00:00,2022-10-09 00:00:00,33.5186,-86.8098,Large,1600.0,52.0,Ship to Residence,51600.0,61900.0,2022-10-09 00:00:00,1600.0,52.0,Ship to Residence,0.379,692.0,172082.0,False,lot,51600.0,250 Sherlock Road,Birmingham,"Jefferson County, Alabama",250.0,Sherlock Store #250,2013-01-15 00:00:00,South,Large,Alabama,35203.0,61900.0,South-1,Store,9,21,10,20
852,Amwell Store #852,852 Amwell Alley,Detroit,Michigan,48233.0,"Wayne County, Michigan",Midwest,2013-09-13 00:00:00,2016-12-01 00:00:00,42.3237,-83.0617,Large,6100.0,27.0,Ship to Residence,50500.0,62100.0,2016-12-01 00:00:00,6100.0,27.0,Ship to Residence,,,,False,street,50500.0,852 Amwell Alley,Detroit,"Wayne County, Michigan",852.0,Amwell Store #852,2013-09-13 00:00:00,Midwest,Large,Michigan,48233.0,62100.0,Midwest-4,Store,9,21,10,20
270,Arbutus Store #270,270 Arbutus Grove,Ann Arbor,Michigan,48104.0,"Washtenaw County, Michigan",Midwest,2018-10-31 00:00:00,2025-07-04 00:00:00,42.2635,-83.7151,Medium,3000.0,62.0,Delivery to Car,37500.0,45800.0,2025-07-04 00:00:00,3000.0,62.0,Delivery to Car,0.498,600.0,138316.0,False,lot,37500.0,270 Arbutus Grove,Ann Arbor,"Washtenaw County, Michigan",270.0,Arbutus Store #270,2018-10-31 00:00:00,Midwest,Medium,Michigan,48104.0,45800.0,Midwest-2,Store,10,21,11,19
902,Rosewood Store #902,902 Rosewood Drive,Bloomington,Minnesota,55437.0,"Hennepin County, Minnesota",Midwest,2020-09-25 00:00:00,2022-07-27 00:00:00,44.8243,-93.343,Small,10700.0,25.0,Ship to Residence,18500.0,21900.0,2022-07-27 00:00:00,10700.0,25.0,Ship to Residence,,,,False,street,18500.0,902 Rosewood Drive,Bloomington,"Hennepin County, Minnesota",902.0,Rosewood Store #902,2020-09-25 00:00:00,Midwest,Small,Minnesota,55437.0,21900.0,Midwest-4,Store,10,20,11,18
649,Arline Store #649,649 Arline Grove,Louisville,Kentucky,40231.0,"Jefferson County, Kentucky",South,2014-03-18 00:00:00,2024-09-30 00:00:00,38.195,-85.6949,Large,2200.0,50.0,In Store Pickup,47100.0,54200.0,2024-09-30 00:00:00,2200.0,50.0,In Store Pickup,0.269,709.0,173982.0,True,garage,47100.0,649 Arline Grove,Louisville,"Jefferson County, Kentucky",649.0,Arline Store #649,2014-03-18 00:00:00,South,Large,Kentucky,40231.0,54200.0,South-2,Store,9,21,10,20
303,Blue Anchor Store #303,303 Blue Anchor Walk,Delray Beach,Florida,33444.0,"Palm Beach County, Florida",South,2015-03-07 00:00:00,2016-01-27 00:00:00,26.4589,-80.0796,Large,9000.0,37.0,Delivery to Car,50800.0,63000.0,2016-01-27 00:00:00,9000.0,37.0,Delivery to Car,0.424,906.0,214830.0,True,lot,50800.0,303 Blue Anchor Walk,Delray Beach,"Palm Beach County, Florida",303.0,Blue Anchor Store #303,2015-03-07 00:00:00,South,Large,Florida,33444.0,63000.0,South-1,Store,9,21,10,20
953,Arbutus Store #953,953 Arbutus Grove,Antioch,California,94509.0,"Contra Costa County, California",West,2011-11-03 00:00:00,2022-04-19 00:00:00,37.9965,-121.8123,Large,3800.0,26.0,,54900.0,68700.0,2022-04-19 00:00:00,3800.0,26.0,,0.424,937.0,221214.0,False,lot,54900.0,953 Arbutus Grove,Antioch,"Contra Costa County, California",953.0,Arbutus Store #953,2011-11-03 00:00:00,West,Large,California,94509.0,68700.0,West-5,Store,9,21,10,20
625,King Store #625,625 King Walk,Pueblo,Colorado,81003.0,"Pueblo County, Colorado",Southwest,2019-01-02 00:00:00,2021-03-15 00:00:00,38.2796,-104.6315,Large,4700.0,43.0,,44900.0,56100.0,2021-03-15 00:00:00,4700.0,43.0,,0.299,646.0,141933.0,True,garage,44900.0,625 King Walk,Pueblo,"Pueblo County, Colorado",625.0,King Store #625,2019-01-02 00:00:00,Southwest,Large,Colorado,81003.0,56100.0,Southwest-2,Store,9,21,10,20
267,Abourne Store #267,267 Abourne Crossroad,Las Vegas,Nevada,89199.0,"Clark County, Nevada",West,2020-06-24 00:00:00,2025-03-23 00:00:00,36.15,-115.1,Large,9300.0,57.0,In Store Pickup,51100.0,61300.0,2025-03-23 00:00:00,9300.0,57.0,In Store Pickup,0.407,781.0,182061.0,False,lot,51100.0,267 Abourne Crossroad,Las Vegas,"Clark County, Nevada",267.0,Abourne Store #267,2020-06-24 00:00:00,West,Large,Nevada,89199.0,61300.0,West-1,Store,9,21,10,20
768,Hickory Store #768,768 Hickory Grove,Greenville,North Carolina,27833.0,"Pitt County, North Carolina",South,2015-06-26 00:00:00,2022-03-16 00:00:00,35.59,-77.37,Small,4000.0,59.0,,17500.0,20800.0,2022-03-16 00:00:00,4000.0,59.0,,0.307,225.0,56160.0,False,lot,17500.0,768 Hickory Grove,Greenville,"Pitt County, North Carolina",768.0,Hickory Store #768,2015-06-26 00:00:00,South,Small,North Carolina,27833.0,20800.0,South-2,Store,10,20,11,18
383,Linden Store #383,383 Linden Way,Antioch,California,94509.0,"Contra Costa County, California",West,2015-05-24 00:00:00,2018-10-14 00:00:00,37.9965,-121.8123,Small,6500.0,51.0,Ship to Residence,14300.0,17500.0,2018-10-14 00:00:00,6500.0,51.0,Ship to Residence,0.315,210.0,48475.0,False,lot,14300.0,383 Linden Way,Antioch,"Contra Costa County, California",383.0,Linden Store #383,2015-05-24 00:00:00,West,Small,California,94509.0,17500.0,West-2,Store,10,20,11,18
491,Coalecroft Store #491,491 Coalecroft Crossroad,Mission,Texas,78572.0,"Hidalgo County, Texas",Southwest,2019-10-03 00:00:00,2016-11-20 00:00:00,26.2292,-98.3755,Large,2900.0,44.0,,44100.0,53800.0,2016-11-20 00:00:00,2900.0,44.0,,,,,True,street,44100.0,491 Coalecroft Crossroad,Mission,"Hidalgo County, Texas",491.0,Coalecroft Store #491,2019-10-03 00:00:00,Southwest,Large,Texas,78572.0,53800.0,Southwest-2,Store,9,21,10,20
858,Argyle Store #858,858 Argyle Road,Beaumont,Texas,77707.0,"Jefferson County, Texas",Southwest,2010-12-26 00:00:00,2015-11-11 00:00:00,30.0534,-94.1707,Large,8000.0,27.0,In Store Pickup,46100.0,56800.0,2015-11-11 00:00:00,8000.0,27.0,In Store Pickup,0.248,621.0,151656.0,False,garage,46100.0,858 Argyle Road,Beaumont,"Jefferson County, Texas",858.0,Argyle Store #858,2010-12-26 00:00:00,Southwest,Large,Texas,77707.0,56800.0,Southwest-3,Store,9,21,10,20
795,Gautrey Store #795,795 Gautrey Hill,Charlotte,North Carolina,28228.0,"Mecklenburg County, North Carolina",South,2015-02-21 00:00:00,2017-01-08 00:00:00,35.19,-80.83,Medium,2700.0,36.0,Delivery to Car,37400.0,46000.0,2017-01-08 00:00:00,2700.0,36.0,Delivery to Car,0.433,510.0,126040.0,True,lot,37400.0,795 Gautrey Hill,Charlotte,"Mecklenburg County, North Carolina",795.0,Gautrey Store #795,2015-02-21 00:00:00,South,Medium,North Carolina,28228.0,46000.0,South-2,Store,10,21,11,19
417,Bacton Store #417,417 Bacton Hill,Seattle,Washington,98108.0,"King County, Washington",West,2016-12-08 00:00:00,2017-02-15 00:00:00,47.5349,-122.3058,Large,8200.0,47.0,Delivery to Car,44500.0,54700.0,2017-02-15 00:00:00,8200.0,47.0,Delivery to Car,0.298,728.0,176134.0,False,lot,44500.0,417 Bacton Hill,Seattle,"King County, Washington",417.0,Bacton Store #417,2016-12-08 00:00:00,West,Large,Washington,98108.0,54700.0,West-2,Store,9,21,10,20
425,Woodland Store #425,425 Woodland Pass,Albany,New York,12201.0,"Albany County, New York",East,2015-04-10 00:00:00,2018-05-14 00:00:00,42.6599,-73.79,Small,1800.0,29.0,Ship to Residence,15100.0,18800.0,2018-05-14 00:00:00,1800.0,29.0,Ship to Residence,0.342,245.0,58092.0,False,garage,15100.0,425 Woodland Pass,Albany,"Albany County, New York",425.0,Woodland Store #425,2015-04-10 00:00:00,East,Small,New York,12201.0,18800.0,East-2,Store,10,20,11,18
450,Birkenhead Store #450,450 Birkenhead Rue,Hillsboro,Oregon,97123.0,"Washington County, Oregon",West,2012-12-09 00:00:00,2020-07-11 00:00:00,45.4402,-122.9801,Large,11000.0,40.0,In Store Pickup,51400.0,59200.0,2020-07-11 00:00:00,11000.0,40.0,In Store Pickup,,,,False,street,51400.0,450 Birkenhead Rue,Hillsboro,"Washington County, Oregon",450.0,Birkenhead Store #450,2012-12-09 00:00:00,West,Large,Oregon,97123.0,59200.0,West-3,Store,9,21,10,20
96,Antrobus Store #96,96 Antrobus Alley,Allentown,Pennsylvania,18101.0,"Lehigh County, Pennsylvania",East,2013-03-14 00:00:00,2021-05-08 00:00:00,40.6027,-75.4692,Large,6500.0,63.0,Curbside Pickup,44800.0,54300.0,2021-05-08 00:00:00,6500.0,63.0,Curbside Pickup,0.291,708.0,155841.0,True,lot,44800.0,96 Antrobus Alley,Allentown,"Lehigh County, Pennsylvania",96.0,Antrobus Store #96,2013-03-14 00:00:00,East,Large,Pennsylvania,18101.0,54300.0,East-1,Store,9,21,10,20
404,Maple Store #404,404 Maple Rue,Mission,Texas,78572.0,"Hidalgo County, Texas",Southwest,2016-03-14 00:00:00,2017-05-15 00:00:00,26.2292,-98.3755,Small,4000.0,56.0,Curbside Pickup,18600.0,21600.0,2017-05-15 00:00:00,4000.0,56.0,Curbside Pickup,0.395,322.0,69552.0,True,lot,18600.0,404 Maple Rue,Mission,"Hidalgo County, Texas",404.0,Maple Store #404,2016-03-14 00:00:00,Southwest,Small,Texas,78572.0,21600.0,Southwest-2,Store,10,20,11,18
285,Camdenhurst Store #285,285 Camdenhurst Boulevard,Yakima,Washington,98901.0,"Yakima County, Washington",West,2013-08-01 00:00:00,2022-06-16 00:00:00,46.7226,-120.406,Large,9100.0,46.0,Curbside Pickup,47200.0,57200.0,2022-06-16 00:00:00,9100.0,46.0,Curbside Pickup,,,,False,street,47200.0,285 Camdenhurst Boulevard,Yakima,"Yakima County, Washington",285.0,Camdenhurst Store #285,2013-08-01 00:00:00,West,Large,Washington,98901.0,57200.0,West-2,Store,9,21,10,20
882,Calvin Store #882,882 Calvin Boulevard,Daly City,California,94015.0,"San Mateo County, California",West,2014-10-30 00:00:00,2018-04-14 00:00:00,37.6813,-122.4806,Large,4000.0,61.0,Curbside Pickup,49500.0,61900.0,2018-04-14 00:00:00,4000.0,61.0,Curbside Pickup,0.27,922.0,201794.0,True,lot,49500.0,882 Calvin Boulevard,Daly City,"San Mateo County, California",882.0,Calvin Store #882,2014-10-30 00:00:00,West,Large,California,94015.0,61900.0,West-5,Store,9,21,10,20
394,Carol Store #394,394 Carol Tunnel,Dearborn,Michigan,48120.0,"Wayne County, Michigan",Midwest,2012-01-21 00:00:00,2025-10-19 00:00:00,42.3063,-83.1762,Medium,4700.0,47.0,Delivery to Car,30600.0,37000.0,2025-10-19 00:00:00,4700.0,47.0,Delivery to Car,0.256,435.0,99900.0,True,garage,30600.0,394 Carol Tunnel,Dearborn,"Wayne County, Michigan",394.0,Carol Store #394,2012-01-21 00:00:00,Midwest,Medium,Michigan,48120.0,37000.0,Midwest-2,Store,10,21,11,19
149,Thurloe Store #149,149 Thurloe Drive,Omaha,Nebraska,68108.0,"Douglas County, Nebraska",Midwest,2019-09-16 00:00:00,2021-05-08 00:00:00,41.2376,-95.9301,Large,8200.0,25.0,Ship to Residence,53500.0,63700.0,2021-05-08 00:00:00,8200.0,25.0,Ship to Residence,0.253,785.0,170079.0,True,garage,53500.0,149 Thurloe Drive,Omaha,"Douglas County, Nebraska",149.0,Thurloe Store #149,2019-09-16 00:00:00,Midwest,Large,Nebraska,68108.0,63700.0,Midwest-1,Store,9,21,10,20
33,Dunstable Store #33,33 Dunstable Pass,Pittsburgh,Pennsylvania,15290.0,"Allegheny County, Pennsylvania",East,2013-10-01 00:00:00,2016-01-09 00:00:00,40.4572,-80.0193,Large,10600.0,51.0,Ship to Residence,46200.0,55000.0,2016-01-09 00:00:00,10600.0,51.0,Ship to Residence,0.227,623.0,148500.0,False,lot,46200.0,33 Dunstable Pass,Pittsburgh,"Allegheny County, Pennsylvania",33.0,Dunstable Store #33,2013-10-01 00:00:00,East,Large,Pennsylvania,15290.0,55000.0,East-1,Store,9,21,10,20
888,Abbots Store #888,888 Abbots Tunnel,Fall River,Massachusetts,2720.0,"Bristol County, Massachusetts",East,2015-09-01 00:00:00,2019-11-26 00:00:00,41.7251,-71.1213,Small,8000.0,36.0,Delivery to Car,15700.0,18600.0,2019-11-26 00:00:00,8000.0,36.0,Delivery to Car,0.264,231.0,57102.0,False,garage,15700.0,888 Abbots Tunnel,Fall River,"Bristol County, Massachusetts",888.0,Abbots Store #888,2015-09-01 00:00:00,East,Small,Massachusetts,2720.0,18600.0,East-3,Store,10,20,11,18
719,Union Store #719,719 Union Vale,Sacramento,California,95813.0,"Sacramento County, California",West,2012-02-09 00:00:00,2017-08-11 00:00:00,38.5,-121.41,Large,7300.0,63.0,,52900.0,61300.0,2017-08-11 00:00:00,7300.0,63.0,,0.398,858.0,191869.0,True,garage,52900.0,719 Union Vale,Sacramento,"Sacramento County, California",719.0,Union Store #719,2012-02-09 00:00:00,West,Large,California,95813.0,61300.0,West-4,Store,9,21,10,20
799,Tilloch Store #799,799 Tilloch Rue,Orlando,Florida,32802.0,"Orange County, Florida",South,2011-12-30 00:00:00,2020-08-13 00:00:00,28.5,-81.37,Medium,11300.0,45.0,,31900.0,38900.0,2020-08-13 00:00:00,11300.0,45.0,,0.486,497.0,111643.0,True,garage,31900.0,799 Tilloch Rue,Orlando,"Orange County, Florida",799.0,Tilloch Store #799,2011-12-30 00:00:00,South,Medium,Florida,32802.0,38900.0,South-2,Store,10,21,11,19
818,Arthur Store #818,818 Arthur Avenue,Compton,California,90220.0,"Los Angeles County, California",West,2020-03-31 00:00:00,2024-08-31 00:00:00,33.8815,-118.2345,Large,1200.0,34.0,Ship to Residence,52200.0,64100.0,2024-08-31 00:00:00,1200.0,34.0,Ship to Residence,0.37,863.0,184608.0,True,lot,52200.0,818 Arthur Avenue,Compton,"Los Angeles County, California",818.0,Arthur Store #818,2020-03-31 00:00:00,West,Large,California,90220.0,64100.0,West-4,Store,9,21,10,20
170,Bolton Store #170,170 Bolton Rue,San Francisco,California,94188.0,"San Francisco County, California",West,2015-07-18 00:00:00,2020-11-26 00:00:00,37.74,-122.38,Large,11000.0,47.0,Curbside Pickup,52900.0,61400.0,2020-11-26 00:00:00,11000.0,47.0,Curbside Pickup,0.219,728.0,160868.0,False,garage,52900.0,170 Bolton Rue,San Francisco,"San Francisco County, California",170.0,Bolton Store #170,2015-07-18 00:00:00,West,Large,California,94188.0,61400.0,West-1,Store,9,21,10,20
630,Colombo Store #630,630 Colombo Way,Warwick,Rhode Island,2886.0,"Kent County, Rhode Island",East,2016-12-03 00:00:00,2024-07-29 00:00:00,41.7038,-71.4556,Medium,10700.0,30.0,Delivery to Car,30300.0,36700.0,2024-07-29 00:00:00,10700.0,30.0,Delivery to Car,0.259,492.0,119275.0,True,lot,30300.0,630 Colombo Way,Warwick,"Kent County, Rhode Island",630.0,Colombo Store #630,2016-12-03 00:00:00,East,Medium,Rhode Island,2886.0,36700.0,East-2,Store,10,21,11,19
8,Walnut Store #8,8 Walnut Drive,Tulsa,Oklahoma,74107.0,"Osage County, Oklahoma",Southwest,2016-09-06 00:00:00,2025-09-15 00:00:00,36.1148,-96.0323,Small,11200.0,58.0,Curbside Pickup,16800.0,20600.0,2025-09-15 00:00:00,11200.0,58.0,Curbside Pickup,0.448,312.0,69834.0,False,lot,16800.0,8 Walnut Drive,Tulsa,"Osage County, Oklahoma",8.0,Walnut Store #8,2016-09-06 00:00:00,Southwest,Small,Oklahoma,74107.0,20600.0,Southwest-1,Store,10,20,11,18
341,Westcott Store #341,341 Westcott Pass,Chino Hills,California,91709.0,"San Bernardino County, California",West,2012-08-11 00:00:00,2024-09-29 00:00:00,33.9637,-117.7386,Medium,6700.0,60.0,Curbside Pickup,34500.0,43100.0,2024-09-29 00:00:00,6700.0,60.0,Curbside Pickup,0.296,619.0,146109.0,True,garage,34500.0,341 Westcott Pass,Chino Hills,"San Bernardino County, California",341.0,Westcott Store #341,2012-08-11 00:00:00,West,Medium,California,91709.0,43100.0,West-2,Store,10,21,11,19
332,English Store #332,332 English Road,Tempe,Arizona,85282.0,"Maricopa County, Arizona",Southwest,2014-04-07 00:00:00,2023-05-01 00:00:00,33.394,-111.9329,Large,11200.0,59.0,Delivery to Car,52600.0,63600.0,2023-05-01 00:00:00,11200.0,59.0,Delivery to Car,0.406,788.0,186348.0,False,garage,52600.0,332 English Road,Tempe,"Maricopa County, Arizona",332.0,English Store #332,2014-04-07 00:00:00,Southwest,Large,Arizona,85282.0,63600.0,Southwest-1,Store,9,21,10,20
525,Maple Store #525,525 Maple Hill,Hollywood,Florida,33022.0,"Broward County, Florida",South,2013-07-07 00:00:00,2020-05-30 00:00:00,26.02,-80.16,Medium,7900.0,40.0,Ship to Residence,37300.0,44700.0,2020-05-30 00:00:00,7900.0,40.0,Ship to Residence,0.473,659.0,147510.0,True,garage,37300.0,525 Maple Hill,Hollywood,"Broward County, Florida",525.0,Maple Store #525,2013-07-07 00:00:00,South,Medium,Florida,33022.0,44700.0,South-1,Store,10,21,11,19
909,Blore Store #909,909 Blore Pass,Sacramento,California,95813.0,"Sacramento County, California",West,2019-06-26 00:00:00,2018-07-14 00:00:00,38.5,-121.41,Large,11300.0,56.0,In Store Pickup,51400.0,59100.0,2018-07-14 00:00:00,11300.0,56.0,In Store Pickup,0.201,669.0,166662.0,True,garage,51400.0,909 Blore Pass,Sacramento,"Sacramento County, California",909.0,Blore Store #909,2019-06-26 00:00:00,West,Large,California,95813.0,59100.0,West-5,Store,9,21,10,20
784,Geffrye Store #784,784 Geffrye Alley,Tulsa,Oklahoma,74107.0,"Osage County, Oklahoma",Southwest,2019-03-27 00:00:00,2020-09-02 00:00:00,36.1148,-96.0323,Large,3400.0,59.0,,53700.0,66600.0,2020-09-02 00:00:00,3400.0,59.0,,0.464,1084.0,232434.0,True,lot,53700.0,784 Geffrye Alley,Tulsa,"Osage County, Oklahoma",784.0,Geffrye Store #784,2019-03-27 00:00:00,Southwest,Large,Oklahoma,74107.0,66600.0,Southwest-3,Store,9,21,10,20
27,Fawn Store #27,27 Fawn Road,Vallejo,California,94590.0,"Solano County, California",West,2011-10-28 00:00:00,2016-02-18 00:00:00,38.1032,-122.2491,Large,10200.0,38.0,Curbside Pickup,44800.0,56000.0,2016-02-18 00:00:00,10200.0,38.0,Curbside Pickup,0.311,752.0,159040.0,True,garage,44800.0,27 Fawn Road,Vallejo,"Solano County, California",27.0,Fawn Store #27,2011-10-28 00:00:00,West,Large,California,94590.0,56000.0,West-1,Store,9,21,10,20
847,Lonsdale Store #847,847 Lonsdale Boulevard,Montgomery,Alabama,36119.0,"Montgomery County, Alabama",South,2019-07-15 00:00:00,2025-02-04 00:00:00,32.35,-86.28,Large,5000.0,33.0,Delivery to Car,54300.0,67900.0,2025-02-04 00:00:00,5000.0,33.0,Delivery to Car,0.26,758.0,188762.0,True,lot,54300.0,847 Lonsdale Boulevard,Montgomery,"Montgomery County, Alabama",847.0,Lonsdale Store #847,2019-07-15 00:00:00,South,Large,Alabama,36119.0,67900.0,South-3,Store,9,21,10,20
400,Caroline Store #400,400 Caroline Alley,Scottsdale,Arizona,85251.0,"Maricopa County, Arizona",Southwest,2011-12-25 00:00:00,2023-02-14 00:00:00,33.4935,-111.9192,Large,4500.0,43.0,Ship to Residence,46500.0,58100.0,2023-02-14 00:00:00,4500.0,43.0,Ship to Residence,0.206,836.0,181272.0,False,garage,46500.0,400 Caroline Alley,Scottsdale,"Maricopa County, Arizona",400.0,Caroline Store #400,2011-12-25 00:00:00,Southwest,Large,Arizona,85251.0,58100.0,Southwest-2,Store,9,21,10,20
34,Heritage Store #34,34 Heritage Avenue,West Covina,California,91793.0,"Los Angeles County, California",West,2015-01-11 00:00:00,2024-09-13 00:00:00,34.06,-117.92,Small,3300.0,35.0,Curbside Pickup,18300.0,22900.0,2024-09-13 00:00:00,3300.0,35.0,Curbside Pickup,0.324,245.0,58624.0,True,lot,18300.0,34 Heritage Avenue,West Covina,"Los Angeles County, California",34.0,Heritage Store #34,2015-01-11 00:00:00,West,Small,California,91793.0,22900.0,West-1,Store,10,20,11,18
617,Carlton Store #617,617 Carlton Grove,Knoxville,Tennessee,37950.0,"Knox County, Tennessee",South,2012-08-02 00:00:00,2025-08-08 00:00:00,35.97,-83.94,Large,3100.0,55.0,,51800.0,60100.0,2025-08-08 00:00:00,3100.0,55.0,,0.446,911.0,197128.0,True,garage,51800.0,617 Carlton Grove,Knoxville,"Knox County, Tennessee",617.0,Carlton Store #617,2012-08-02 00:00:00,South,Large,Tennessee,37950.0,60100.0,South-2,Store,9,21,10,20
845,Durnford Store #845,845 Durnford Alley,Troy,Michigan,48007.0,"Newaygo County, Michigan",Midwest,2017-09-18 00:00:00,2025-09-07 00:00:00,42.58,-83.14,Large,4600.0,42.0,,54400.0,63600.0,2025-09-07 00:00:00,4600.0,42.0,,,,,False,street,54400.0,845 Durnford Alley,Troy,"Newaygo County, Michigan",845.0,Durnford Store #845,2017-09-18 00:00:00,Midwest,Large,Michigan,48007.0,63600.0,Midwest-4,Store,9,21,10,20
641,Aspen Store #641,641 Aspen Street,Milwaukee,Wisconsin,53203.0,"Milwaukee County, Wisconsin",Midwest,2015-03-10 00:00:00,2022-01-19 00:00:00,43.0381,-87.9167,Large,7200.0,57.0,,45100.0,55900.0,2022-01-19 00:00:00,7200.0,57.0,,,,,True,street,45100.0,641 Aspen Street,Milwaukee,"Milwaukee County, Wisconsin",641.0,Aspen Store #641,2015-03-10 00:00:00,Midwest,Large,Wisconsin,53203.0,55900.0,Midwest-3,Store,9,21,10,20
763,Walnut Store #763,763 Walnut Route,Minneapolis,Minnesota,55401.0,"Hennepin County, Minnesota",Midwest,2013-12-09 00:00:00,2025-07-04 00:00:00,44.9846,-93.2691,Large,2300.0,55.0,Delivery to Car,53300.0,62400.0,2025-07-04 00:00:00,2300.0,55.0,Delivery to Car,0.363,721.0,172848.0,False,garage,53300.0,763 Walnut Route,Minneapolis,"Hennepin County, Minnesota",763.0,Walnut Store #763,2013-12-09 00:00:00,Midwest,Large,Minnesota,55401.0,62400.0,Midwest-3,Store,9,21,10,20
500,Westcott Store #500,500 Westcott Road,Pasadena,Texas,77501.0,"Harris County, Texas",Southwest,2013-02-05 00:00:00,2023-02-01 00:00:00,29.66,-95.15,Large,3100.0,31.0,Delivery to Car,51800.0,64200.0,2023-02-01 00:00:00,3100.0,31.0,Delivery to Car,0.335,814.0,188106.0,True,lot,51800.0,500 Westcott Road,Pasadena,"Harris County, Texas",500.0,Westcott Store #500,2013-02-05 00:00:00,Southwest,Large,Texas,77501.0,64200.0,Southwest-2,Store,9,21,10,20
966,Byland Store #966,966 Byland Drive,Temecula,California,92589.0,"Riverside County, California",West,2019-12-26 00:00:00,2017-08-10 00:00:00,33.51,-117.1,Large,8100.0,40.0,Delivery to Car,47900.0,59900.0,2017-08-10 00:00:00,8100.0,40.0,Delivery to Car,0.262,726.0,169517.0,True,lot,47900.0,966 Byland Drive,Temecula,"Riverside County, California",966.0,Byland Store #966,2019-12-26 00:00:00,West,Large,California,92589.0,59900.0,West-5,Store,9,21,10,20
241,Lonsdale Store #241,241 Lonsdale Pass,Augusta,Georgia,30901.0,"Richmond County, Georgia",South,2011-05-12 00:00:00,2016-09-07 00:00:00,33.4372,-81.9562,Large,8000.0,29.0,Delivery to Car,44800.0,54700.0,2016-09-07 00:00:00,8000.0,29.0,Delivery to Car,0.445,818.0,179963.0,False,lot,44800.0,241 Lonsdale Pass,Augusta,"Richmond County, Georgia",241.0,Lonsdale Store #241,2011-05-12 00:00:00,South,Large,Georgia,30901.0,54700.0,South-1,Store,9,21,10,20
177,Blore Store #177,177 Blore Crossroad,San Angelo,Texas,76901.0,"Tom Green County, Texas",Southwest,2015-08-12 00:00:00,2024-06-07 00:00:00,31.6109,-100.5532,Large,8700.0,59.0,Ship to Residence,50000.0,60900.0,2024-06-07 00:00:00,8700.0,59.0,Ship to Residence,0.328,812.0,187572.0,False,garage,50000.0,177 Blore Crossroad,San Angelo,"Tom Green County, Texas",177.0,Blore Store #177,2015-08-12 00:00:00,Southwest,Large,Texas,76901.0,60900.0,Southwest-1,Store,9,21,10,20
305,Balham Store #305,305 Balham Avenue,Menifee,California,92584.0,"Riverside County, California",West,2011-10-18 00:00:00,2017-06-26 00:00:00,33.6527,-117.1736,Large,6800.0,45.0,Ship to Residence,44300.0,51800.0,2017-06-26 00:00:00,6800.0,45.0,Ship to Residence,,,,False,street,44300.0,305 Balham Avenue,Menifee,"Riverside County, California",305.0,Balham Store #305,2011-10-18 00:00:00,West,Large,California,92584.0,51800.0,West-2,Store,9,21,10,20
537,Hickory Store #537,537 Hickory Lane Street,Bethlehem,Pennsylvania,18015.0,"Lehigh County, Pennsylvania",East,2017-08-24 00:00:00,2023-12-01 00:00:00,40.5859,-75.3672,Small,11300.0,52.0,,16900.0,21000.0,2023-12-01 00:00:00,11300.0,52.0,,0.469,294.0,66150.0,False,lot,16900.0,537 Hickory Lane Street,Bethlehem,"Lehigh County, Pennsylvania",537.0,Hickory Store #537,2017-08-24 00:00:00,East,Small,Pennsylvania,18015.0,21000.0,East-2,Store,10,20,11,18
657,Waite Store #657,657 Waite Drive,Stockton,California,95208.0,"San Joaquin County, California",West,2018-07-16 00:00:00,2016-03-21 00:00:00,37.95,-121.43,Large,9100.0,51.0,Delivery to Car,49600.0,62000.0,2016-03-21 00:00:00,9100.0,51.0,Delivery to Car,0.438,684.0,169880.0,False,garage,49600.0,657 Waite Drive,Stockton,"San Joaquin County, California",657.0,Waite Store #657,2018-07-16 00:00:00,West,Large,California,95208.0,62000.0,West-4,Store,9,21,10,20
584,Adderley Store #584,584 Adderley Hill,Grand Rapids,Michigan,49501.0,"Kent County, Michigan",Midwest,2013-08-19 00:00:00,2020-04-06 00:00:00,42.96,-85.65,Large,2500.0,53.0,Delivery to Car,54500.0,63200.0,2020-04-06 00:00:00,2500.0,53.0,Delivery to Car,,,,True,street,54500.0,584 Adderley Hill,Grand Rapids,"Kent County, Michigan",584.0,Adderley Store #584,2013-08-19 00:00:00,Midwest,Large,Michigan,49501.0,63200.0,Midwest-3,Store,9,21,10,20
302,Arundel Store #302,302 Arundel Avenue,Hayward,California,94544.0,"Alameda County, California",West,2016-06-21 00:00:00,2017-12-04 00:00:00,37.6338,-122.0572,Large,3000.0,57.0,Delivery to Car,50800.0,60900.0,2017-12-04 00:00:00,3000.0,57.0,Delivery to Car,0.343,666.0,165039.0,False,lot,50800.0,302 Arundel Avenue,Hayward,"Alameda County, California",302.0,Arundel Store #302,2016-06-21 00:00:00,West,Large,California,94544.0,60900.0,West-2,Store,9,21,10,20
115,Cadogan Store #115,115 Cadogan Route,St. Joseph,Missouri,64501.0,"Buchanan County, Missouri",Midwest,2017-06-29 00:00:00,2024-03-13 00:00:00,39.7654,-94.8443,Small,8200.0,39.0,In Store Pickup,19700.0,23600.0,2024-03-13 00:00:00,8200.0,39.0,In Store Pickup,0.288,298.0,67968.0,True,lot,19700.0,115 Cadogan Route,St. Joseph,"Buchanan County, Missouri",115.0,Cadogan Store #115,2017-06-29 00:00:00,Midwest,Small,Missouri,64501.0,23600.0,Midwest-1,Store,10,20,11,18
443,Norland Store #443,443 Norland Alley,Palmdale,California,93550.0,"Los Angeles County, California",West,2017-07-13 00:00:00,2022-04-28 00:00:00,34.4084,-118.1236,Large,6300.0,40.0,In Store Pickup,54200.0,65500.0,2022-04-28 00:00:00,6300.0,40.0,In Store Pickup,0.325,853.0,184055.0,True,garage,54200.0,443 Norland Alley,Palmdale,"Los Angeles County, California",443.0,Norland Store #443,2017-07-13 00:00:00,West,Large,California,93550.0,65500.0,West-3,Store,9,21,10,20
734,Norland Store #734,734 Norland Drive,Cincinnati,Ohio,45225.0,"Hamilton County, Ohio",Midwest,2013-06-08 00:00:00,2016-06-01 00:00:00,39.1428,-84.5512,Large,5600.0,53.0,Curbside Pickup,54900.0,66400.0,2016-06-01 00:00:00,5600.0,53.0,Curbside Pickup,,,,True,street,54900.0,734 Norland Drive,Cincinnati,"Hamilton County, Ohio",734.0,Norland Store #734,2013-06-08 00:00:00,Midwest,Large,Ohio,45225.0,66400.0,Midwest-3,Store,9,21,10,20
895,Thrale Store #895,895 Thrale Route,Lincoln,Nebraska,68501.0,"Lancaster County, Nebraska",Midwest,2015-11-27 00:00:00,2018-02-08 00:00:00,40.81,-96.68,Small,11200.0,63.0,,15600.0,19200.0,2018-02-08 00:00:00,11200.0,63.0,,,,,True,street,15600.0,895 Thrale Route,Lincoln,"Lancaster County, Nebraska",895.0,Thrale Store #895,2015-11-27 00:00:00,Midwest,Small,Nebraska,68501.0,19200.0,Midwest-4,Store,10,20,11,18
201,Commercial Store #201,201 Commercial Walk,Lexington-Fayette,Kentucky,40511.0,"Fayette County, Kentucky",South,2012-10-01 00:00:00,2017-04-27 00:00:00,38.1403,-84.4616,Large,2000.0,35.0,,44800.0,52800.0,2017-04-27 00:00:00,2000.0,35.0,,0.354,749.0,158400.0,True,garage,44800.0,201 Commercial Walk,Lexington-Fayette,"Fayette County, Kentucky",201.0,Commercial Store #201,2012-10-01 00:00:00,South,Large,Kentucky,40511.0,52800.0,South-1,Store,9,21,10,20
741,Balfour Store #741,741 Balfour Boulevard,Lubbock,Texas,79402.0,"Lubbock County, Texas",Southwest,2017-08-26 00:00:00,2023-05-07 00:00:00,33.57,-101.87,Large,9200.0,42.0,Delivery to Car,46000.0,53800.0,2023-05-07 00:00:00,9200.0,42.0,Delivery to Car,0.358,646.0,154944.0,False,garage,46000.0,741 Balfour Boulevard,Lubbock,"Lubbock County, Texas",741.0,Balfour Store #741,2017-08-26 00:00:00,Southwest,Large,Texas,79402.0,53800.0,Southwest-3,Store,9,21,10,20
664,Antrobus Store #664,664 Antrobus Grove,St. Louis,Missouri,63155.0,"St. Louis County, Missouri",Midwest,2019-01-10 00:00:00,2017-07-16 00:00:00,38.6278,-90.2055,Large,3100.0,58.0,,46700.0,54100.0,2017-07-16 00:00:00,3100.0,58.0,,,,,False,street,46700.0,664 Antrobus Grove,St. Louis,"St. Louis County, Missouri",664.0,Antrobus Store #664,2019-01-10 00:00:00,Midwest,Large,Missouri,63155.0,54100.0,Midwest-3,Store,9,21,10,20
326,Argyle Store #326,326 Argyle Vale,Cranston,Rhode Island,2910.0,"Providence County, Rhode Island",East,2014-06-05 00:00:00,2023-01-05 00:00:00,41.775,-71.4355,Medium,9300.0,33.0,Curbside Pickup,30800.0,37000.0,2023-01-05 00:00:00,9300.0,33.0,Curbside Pickup,0.226,425.0,96200.0,True,lot,30800.0,326 Argyle Vale,Cranston,"Providence County, Rhode Island",326.0,Argyle Store #326,2014-06-05 00:00:00,East,Medium,Rhode Island,2910.0,37000.0,East-2,Store,10,21,11,19
561,Enford Store #561,561 Enford Pass,Palm Bay,Florida,32905.0,"Brevard County, Florida",South,2010-12-10 00:00:00,2016-03-13 00:00:00,28.0314,-80.6003,Large,10900.0,29.0,In Store Pickup,49400.0,59300.0,2016-03-13 00:00:00,10900.0,29.0,In Store Pickup,0.409,638.0,156552.0,True,lot,49400.0,561 Enford Pass,Palm Bay,"Brevard County, Florida",561.0,Enford Store #561,2010-12-10 00:00:00,South,Large,Florida,32905.0,59300.0,South-2,Store,9,21,10,20
889,Carlton Store #889,889 Carlton Route,Lawrence,Kansas,66044.0,"Douglas County, Kansas",Midwest,2011-12-09 00:00:00,2025-03-27 00:00:00,39.0233,-95.2089,Small,8200.0,40.0,In Store Pickup,14100.0,16800.0,2025-03-27 00:00:00,8200.0,40.0,In Store Pickup,,,,True,street,14100.0,889 Carlton Route,Lawrence,"Douglas County, Kansas",889.0,Carlton Store #889,2011-12-09 00:00:00,Midwest,Small,Kansas,66044.0,16800.0,Midwest-4,Store,10,20,11,18
83,Castile Store #83,83 Castile Avenue,Bellflower,California,90706.0,"Los Angeles County, California",West,2020-02-03 00:00:00,2024-10-09 00:00:00,33.8878,-118.1273,Large,9800.0,47.0,Curbside Pickup,50700.0,63400.0,2024-10-09 00:00:00,9800.0,47.0,Curbside Pickup,0.227,761.0,187030.0,True,lot,50700.0,83 Castile Avenue,Bellflower,"Los Angeles County, California",83.0,Castile Store #83,2020-02-03 00:00:00,West,Large,California,90706.0,63400.0,West-1,Store,9,21,10,20
182,Balfour Store #182,182 Balfour Hill,Plymouth,Minnesota,55447.0,"Hennepin County, Minnesota",Midwest,2015-08-11 00:00:00,2023-03-06 00:00:00,45.0011,-93.4896,Large,3300.0,25.0,Curbside Pickup,46700.0,56500.0,2023-03-06 00:00:00,3300.0,25.0,Curbside Pickup,,,,False,street,46700.0,182 Balfour Hill,Plymouth,"Hennepin County, Minnesota",182.0,Balfour Store #182,2015-08-11 00:00:00,Midwest,Large,Minnesota,55447.0,56500.0,Midwest-1,Store,9,21,10,20
972,Thorndike Store #972,972 Thorndike Way,Edinburg,Texas,78539.0,"Hidalgo County, Texas",Southwest,2011-12-31 00:00:00,2019-03-12 00:00:00,26.2807,-98.1833,Small,1900.0,28.0,,19200.0,23400.0,2019-03-12 00:00:00,1900.0,28.0,,0.21,248.0,58968.0,True,lot,19200.0,972 Thorndike Way,Edinburg,"Hidalgo County, Texas",972.0,Thorndike Store #972,2011-12-31 00:00:00,Southwest,Small,Texas,78539.0,23400.0,Southwest-3,Store,10,20,11,18
12,Arlington Store #12,12 Arlington Pass,Quincy,Massachusetts,2169.0,"Norfolk County, Massachusetts",East,2016-12-05 00:00:00,2021-06-18 00:00:00,42.2483,-71.0023,Small,3300.0,33.0,In Store Pickup,13700.0,17000.0,2021-06-18 00:00:00,3300.0,33.0,In Store Pickup,0.327,204.0,46750.0,True,garage,13700.0,12 Arlington Pass,Quincy,"Norfolk County, Massachusetts",12.0,Arlington Store #12,2016-12-05 00:00:00,East,Small,Massachusetts,2169.0,17000.0,East-1,Store,10,20,11,18
973,Chelsea Store #973,973 Chelsea Manor Crossroad,Centennial,Colorado,80122.0,"Arapahoe County, Colorado",Southwest,2014-01-09 00:00:00,2023-03-31 00:00:00,39.5803,-104.9549,Small,1500.0,65.0,Ship to Residence,18100.0,20800.0,2023-03-31 00:00:00,1500.0,65.0,Ship to Residence,,,,True,street,18100.0,973 Chelsea Manor Crossroad,Centennial,"Arapahoe County, Colorado",973.0,Chelsea Store #973,2014-01-09 00:00:00,Southwest,Small,Colorado,80122.0,20800.0,Southwest-3,Store,10,20,11,18
932,Timber Store #932,932 Timber Boulevard,Newport News,Virginia,23501.0,"Newport News City, Virginia",East,2019-10-23 00:00:00,2019-03-06 00:00:00,36.84,-76.28,Large,5400.0,57.0,In Store Pickup,46600.0,57300.0,2019-03-06 00:00:00,5400.0,57.0,In Store Pickup,0.247,732.0,167889.0,False,garage,46600.0,932 Timber Boulevard,Newport News,"Newport News City, Virginia",932.0,Timber Store #932,2019-10-23 00:00:00,East,Large,Virginia,23501.0,57300.0,East-3,Store,9,21,10,20
687,Blackheath Store #687,687 Blackheath Drive,Warwick,Rhode Island,2886.0,"Kent County, Rhode Island",East,2018-11-21 00:00:00,2023-05-07 00:00:00,41.7038,-71.4556,Small,7200.0,44.0,Curbside Pickup,14000.0,16500.0,2023-05-07 00:00:00,7200.0,44.0,Curbside Pickup,0.496,236.0,54120.0,True,garage,14000.0,687 Blackheath Drive,Warwick,"Kent County, Rhode Island",687.0,Blackheath Store #687,2018-11-21 00:00:00,East,Small,Rhode Island,2886.0,16500.0,East-3,Store,10,20,11,18
613,Coborn Store #613,613 Coborn Hill,Asheville,North Carolina,28801.0,"Buncombe County, North Carolina",South,2019-07-25 00:00:00,2025-09-16 00:00:00,35.5942,-82.5579,Large,2500.0,56.0,,53900.0,65700.0,2025-09-16 00:00:00,2500.0,56.0,,0.491,968.0,214182.0,False,lot,53900.0,613 Coborn Hill,Asheville,"Buncombe County, North Carolina",613.0,Coborn Store #613,2019-07-25 00:00:00,South,Large,North Carolina,28801.0,65700.0,South-2,Store,9,21,10,20
359,Camberwell Store #359,359 Camberwell Walk,Mountain View,California,94035.0,"Contra Costa County, California",West,2012-02-25 00:00:00,2020-06-02 00:00:00,37.4099,-122.05,Large,11000.0,31.0,Delivery to Car,47800.0,59800.0,2020-06-02 00:00:00,11000.0,31.0,Delivery to Car,0.385,714.0,178204.0,False,garage,47800.0,359 Camberwell Walk,Mountain View,"Contra Costa County, California",359.0,Camberwell Store #359,2012-02-25 00:00:00,West,Large,California,94035.0,59800.0,West-2,Store,9,21,10,20
527,Coborn Store #527,527 Coborn Drive,Peoria,Illinois,61601.0,"Peoria County, Illinois",Midwest,2015-12-24 00:00:00,2021-10-21 00:00:00,40.74,-89.6,Medium,8800.0,53.0,In Store Pickup,28800.0,34600.0,2021-10-21 00:00:00,8800.0,53.0,In Store Pickup,0.385,376.0,89614.0,True,garage,28800.0,527 Coborn Drive,Peoria,"Peoria County, Illinois",527.0,Coborn Store #527,2015-12-24 00:00:00,Midwest,Medium,Illinois,61601.0,34600.0,Midwest-3,Store,10,21,11,19
670,Chestnut Store #670,670 Chestnut Rise Alley,Brockton,Massachusetts,2301.0,"Plymouth County, Massachusetts",East,2014-02-16 00:00:00,2023-03-12 00:00:00,42.0784,-71.0423,Small,5200.0,26.0,In Store Pickup,16400.0,19100.0,2023-03-12 00:00:00,5200.0,26.0,In Store Pickup,0.421,228.0,55772.0,False,lot,16400.0,670 Chestnut Rise Alley,Brockton,"Plymouth County, Massachusetts",670.0,Chestnut Store #670,2014-02-16 00:00:00,East,Small,Massachusetts,2301.0,19100.0,East-2,Store,10,20,11,18
874,Bush Store #874,874 Bush Lane,Albany,Georgia,31701.0,"Dougherty County, Georgia",South,2013-03-17 00:00:00,2023-06-20 00:00:00,31.5527,-84.1592,Large,8200.0,49.0,,53100.0,62100.0,2023-06-20 00:00:00,8200.0,49.0,,0.407,876.0,214866.0,False,lot,53100.0,874 Bush Lane,Albany,"Dougherty County, Georgia",874.0,Bush Store #874,2013-03-17 00:00:00,South,Large,Georgia,31701.0,62100.0,South-3,Store,9,21,10,20
912,Angel Store #912,912 Angel Rue,Garland,Texas,75040.0,"Collin County, Texas",Southwest,2015-08-09 00:00:00,2018-01-18 00:00:00,32.9289,-96.6198,Medium,4600.0,56.0,In Store Pickup,30900.0,36200.0,2018-01-18 00:00:00,4600.0,56.0,In Store Pickup,0.397,466.0,104256.0,True,garage,30900.0,912 Angel Rue,Garland,"Collin County, Texas",912.0,Angel Store #912,2015-08-09 00:00:00,Southwest,Medium,Texas,75040.0,36200.0,Southwest-3,Store,10,21,11,19
200,Lincoln Store #200,200 Lincoln Avenue,Kalamazoo,Michigan,49001.0,"Kalamazoo County, Michigan",Midwest,2011-08-06 00:00:00,2020-08-28 00:00:00,42.2645,-85.5615,Large,7300.0,60.0,Ship to Residence,45400.0,54900.0,2020-08-28 00:00:00,7300.0,60.0,Ship to Residence,,,,True,street,45400.0,200 Lincoln Avenue,Kalamazoo,"Kalamazoo County, Michigan",200.0,Lincoln Store #200,2011-08-06 00:00:00,Midwest,Large,Michigan,49001.0,54900.0,Midwest-2,Store,9,21,10,20
567,Arline Store #567,567 Arline Crossroad,Shreveport,Louisiana,71102.0,"Bossier Parish, Louisiana",South,2011-11-16 00:00:00,2016-10-04 00:00:00,32.47,-93.79,Medium,2500.0,43.0,In Store Pickup,29500.0,36600.0,2016-10-04 00:00:00,2500.0,43.0,In Store Pickup,0.461,522.0,120780.0,True,garage,29500.0,567 Arline Crossroad,Shreveport,"Bossier Parish, Louisiana",567.0,Arline Store #567,2011-11-16 00:00:00,South,Medium,Louisiana,71102.0,36600.0,South-2,Store,10,21,11,19
108,Victoria Store #108,108 Victoria Rise Walk,Camden,New Jersey,8101.0,"Camden County, New Jersey",East,2013-07-01 00:00:00,2016-05-02 00:00:00,39.93,-75.1,Small,9100.0,27.0,,17200.0,20800.0,2016-05-02 00:00:00,9100.0,27.0,,0.407,239.0,57824.0,True,lot,17200.0,108 Victoria Rise Walk,Camden,"Camden County, New Jersey",108.0,Victoria Store #108,2013-07-01 00:00:00,East,Small,New Jersey,8101.0,20800.0,East-1,Store,10,20,11,18
801,Queen Store #801,801 Queen Avenue,Dayton,Ohio,45401.0,"Montgomery County, Ohio",Midwest,2015-07-08 00:00:00,2024-01-28 00:00:00,39.77,-84.19,Large,5000.0,42.0,In Store Pickup,52500.0,65100.0,2024-01-28 00:00:00,5000.0,42.0,In Store Pickup,,,,False,street,52500.0,801 Queen Avenue,Dayton,"Montgomery County, Ohio",801.0,Queen Store #801,2015-07-08 00:00:00,Midwest,Large,Ohio,45401.0,65100.0,Midwest-4,Store,9,21,10,20
247,Calvin Store #247,247 Calvin Boulevard,Pompano Beach,Florida,33060.0,"Broward County, Florida",South,2019-04-04 00:00:00,2018-04-28 00:00:00,26.2348,-80.1206,Large,1600.0,56.0,,55000.0,63200.0,2018-04-28 00:00:00,1600.0,56.0,,0.476,837.0,194656.0,False,garage,55000.0,247 Calvin Boulevard,Pompano Beach,"Broward County, Florida",247.0,Calvin Store #247,2019-04-04 00:00:00,South,Large,Florida,33060.0,63200.0,South-1,Store,9,21,10,20
367,Maple Store #367,367 Maple Road,Southfield,Michigan,48034.0,"Oakland County, Michigan",Midwest,2020-09-19 00:00:00,2020-01-28 00:00:00,42.4968,-83.2911,Large,7900.0,59.0,Delivery to Car,52300.0,61800.0,2020-01-28 00:00:00,7900.0,59.0,Delivery to Car,,,,False,street,52300.0,367 Maple Road,Southfield,"Oakland County, Michigan",367.0,Maple Store #367,2020-09-19 00:00:00,Midwest,Large,Michigan,48034.0,61800.0,Midwest-2,Store,9,21,10,20
897,Chapel Store #897,897 Chapel Avenue,Livonia,Michigan,48150.0,"Wayne County, Michigan",Midwest,2019-10-23 00:00:00,2023-11-23 00:00:00,42.3716,-83.3768,Large,4900.0,53.0,Delivery to Car,53900.0,62600.0,2023-11-23 00:00:00,4900.0,53.0,Delivery to Car,,,,True,street,53900.0,897 Chapel Avenue,Livonia,"Wayne County, Michigan",897.0,Chapel Store #897,2019-10-23 00:00:00,Midwest,Large,Michigan,48150.0,62600.0,Midwest-4,Store,9,21,10,20
981,Castle Store #981,981 Castle Hill,Paterson,New Jersey,7510.0,"Passaic County, New Jersey",East,2012-04-22 00:00:00,2023-05-15 00:00:00,40.9099,-74.16,Small,2700.0,60.0,Delivery to Car,19000.0,22200.0,2023-05-15 00:00:00,2700.0,60.0,Delivery to Car,0.331,282.0,60606.0,False,garage,19000.0,981 Castle Hill,Paterson,"Passaic County, New Jersey",981.0,Castle Store #981,2012-04-22 00:00:00,East,Small,New Jersey,7510.0,22200.0,East-3,Store,10,20,11,18
885,Abbey Store #885,885 Abbey Tunnel,Rio Rancho,New Mexico,87124.0,"Bernalillo County, New Mexico",Southwest,2013-11-23 00:00:00,2025-07-12 00:00:00,35.2685,-106.7837,Medium,2800.0,64.0,Ship to Residence,36400.0,43600.0,2025-07-12 00:00:00,2800.0,64.0,Ship to Residence,,,,False,street,36400.0,885 Abbey Tunnel,Rio Rancho,"Bernalillo County, New Mexico",885.0,Abbey Store #885,2013-11-23 00:00:00,Southwest,Medium,New Mexico,87124.0,43600.0,Southwest-3,Store,10,21,11,19
557,Hammersmith Store #557,557 Hammersmith Hill,Baton Rouge,Louisiana,70826.0,"East Baton Rouge Parish, Louisiana",South,2019-08-01 00:00:00,2021-12-21 00:00:00,30.44,-91.12,Large,10700.0,56.0,Ship to Residence,50200.0,62200.0,2021-12-21 00:00:00,10700.0,56.0,Ship to Residence,0.364,746.0,171050.0,False,garage,50200.0,557 Hammersmith Hill,Baton Rouge,"East Baton Rouge Parish, Louisiana",557.0,Hammersmith Store #557,2019-08-01 00:00:00,South,Large,Louisiana,70826.0,62200.0,South-1,Store,9,21,10,20
24,Anns Store #24,24 Anns Alley,New York City,New York,10199.0,"New York County, New York",East,2013-05-02 00:00:00,2025-02-17 00:00:00,40.7513,-73.9972,Small,2100.0,62.0,Delivery to Car,15100.0,17500.0,2025-02-17 00:00:00,2100.0,62.0,Delivery to Car,0.437,273.0,58100.0,True,lot,15100.0,24 Anns Alley,New York City,"New York County, New York",24.0,Anns Store #24,2013-05-02 00:00:00,East,Small,New York,10199.0,17500.0,East-1,Store,10,20,11,18
576,Norland Store #576,576 Norland Pass,Milwaukee,Wisconsin,53203.0,"Milwaukee County, Wisconsin",Midwest,2017-11-03 00:00:00,2022-08-08 00:00:00,43.0381,-87.9167,Large,11300.0,55.0,Ship to Residence,45600.0,53800.0,2022-08-08 00:00:00,11300.0,55.0,Ship to Residence,,,,False,street,45600.0,576 Norland Pass,Milwaukee,"Milwaukee County, Wisconsin",576.0,Norland Store #576,2017-11-03 00:00:00,Midwest,Large,Wisconsin,53203.0,53800.0,Midwest-3,Store,9,21,10,20
925,Capeners Store #925,925 Capeners Crossroad,Huntsville,Alabama,35813.0,"Limestone County, Alabama",South,2012-01-18 00:00:00,2020-03-18 00:00:00,34.7,-86.62,Large,10900.0,54.0,Delivery to Car,47300.0,54800.0,2020-03-18 00:00:00,10900.0,54.0,Delivery to Car,0.227,807.0,175360.0,True,lot,47300.0,925 Capeners Crossroad,Huntsville,"Limestone County, Alabama",925.0,Capeners Store #925,2012-01-18 00:00:00,South,Large,Alabama,35813.0,54800.0,South-3,Store,9,21,10,20
575,Camden Store #575,575 Camden Hill,Pasadena,California,91103.0,"Los Angeles County, California",West,2010-11-10 00:00:00,2017-08-22 00:00:00,34.1695,-118.1649,Small,6500.0,40.0,,15900.0,19400.0,2017-08-22 00:00:00,6500.0,40.0,,0.355,286.0,67706.0,False,lot,15900.0,575 Camden Hill,Pasadena,"Los Angeles County, California",575.0,Camden Store #575,2010-11-10 00:00:00,West,Small,California,91103.0,19400.0,West-3,Store,10,20,11,18
866,Thorndike Store #866,866 Thorndike Hill,Oakland,California,94612.0,"Alameda County, California",West,2015-01-31 00:00:00,2019-08-13 00:00:00,37.8088,-122.2692,Small,6200.0,56.0,,19000.0,22200.0,2019-08-13 00:00:00,6200.0,56.0,,0.477,277.0,63714.0,True,lot,19000.0,866 Thorndike Hill,Oakland,"Alameda County, California",866.0,Thorndike Store #866,2015-01-31 00:00:00,West,Small,California,94612.0,22200.0,West-5,Store,10,20,11,18
321,Bacton Store #321,321 Bacton Crossroad,Bellingham,Washington,98225.0,"Whatcom County, Washington",West,2013-01-29 00:00:00,2024-06-03 00:00:00,48.7509,-122.5013,Large,6400.0,61.0,Delivery to Car,49400.0,57800.0,2024-06-03 00:00:00,6400.0,61.0,Delivery to Car,0.331,874.0,184382.0,False,garage,49400.0,321 Bacton Crossroad,Bellingham,"Whatcom County, Washington",321.0,Bacton Store #321,2013-01-29 00:00:00,West,Large,Washington,98225.0,57800.0,West-2,Store,9,21,10,20
647,Bacon Store #647,647 Bacon Drive,Spokane Valley,Washington,99206.0,"Spokane County, Washington",West,2016-01-30 00:00:00,2019-06-05 00:00:00,47.6293,-117.2547,Large,8700.0,37.0,Ship to Residence,44900.0,52100.0,2019-06-05 00:00:00,8700.0,37.0,Ship to Residence,,,,True,street,44900.0,647 Bacon Drive,Spokane Valley,"Spokane County, Washington",647.0,Bacon Store #647,2016-01-30 00:00:00,West,Large,Washington,99206.0,52100.0,West-4,Store,9,21,10,20
974,Edwin Store #974,974 Edwin Rue,Hoover,Alabama,35226.0,"Jefferson County, Alabama",South,2011-11-04 00:00:00,2021-05-07 00:00:00,33.3992,-86.8459,Large,9800.0,26.0,Curbside Pickup,49700.0,62200.0,2021-05-07 00:00:00,9800.0,26.0,Curbside Pickup,0.221,796.0,199040.0,True,garage,49700.0,974 Edwin Rue,Hoover,"Jefferson County, Alabama",974.0,Edwin Store #974,2011-11-04 00:00:00,South,Large,Alabama,35226.0,62200.0,South-3,Store,9,21,10,20
992,Bendmore Store #992,992 Bendmore Drive,Fullerton,California,92834.0,"Orange County, California",West,2012-05-08 00:00:00,2020-09-20 00:00:00,33.87,-117.89,Medium,7600.0,26.0,Ship to Residence,30900.0,36500.0,2020-09-20 00:00:00,7600.0,26.0,Ship to Residence,0.412,565.0,125560.0,True,lot,30900.0,992 Bendmore Drive,Fullerton,"Orange County, California",992.0,Bendmore Store #992,2012-05-08 00:00:00,West,Medium,California,92834.0,36500.0,West-5,Store,10,21,11,19
809,Boleyn Store #809,809 Boleyn Pass,Santa Maria,California,93454.0,"Santa Barbara County, California",West,2011-12-16 00:00:00,2025-02-24 00:00:00,34.923,-120.2595,Medium,3000.0,27.0,Curbside Pickup,36000.0,42100.0,2025-02-24 00:00:00,3000.0,27.0,Curbside Pickup,0.376,553.0,124616.0,True,lot,36000.0,809 Boleyn Pass,Santa Maria,"Santa Barbara County, California",809.0,Boleyn Store #809,2011-12-16 00:00:00,West,Medium,California,93454.0,42100.0,West-4,Store,10,21,11,19
39,Ampton Store #39,39 Ampton Way,Tempe,Arizona,85282.0,"Maricopa County, Arizona",Southwest,2013-03-14 00:00:00,2018-10-03 00:00:00,33.394,-111.9329,Large,2900.0,39.0,In Store Pickup,54500.0,64300.0,2018-10-03 00:00:00,2900.0,39.0,In Store Pickup,0.464,952.0,208975.0,False,lot,54500.0,39 Ampton Way,Tempe,"Maricopa County, Arizona",39.0,Ampton Store #39,2013-03-14 00:00:00,Southwest,Large,Arizona,85282.0,64300.0,Southwest-1,Store,9,21,10,20
571,Abbots Store #571,571 Abbots Hill,Kirkland,Washington,98033.0,"King County, Washington",West,2019-11-06 00:00:00,2024-08-25 00:00:00,47.676,-122.1936,Large,9400.0,28.0,Delivery to Car,51400.0,62700.0,2024-08-25 00:00:00,9400.0,28.0,Delivery to Car,0.226,841.0,203148.0,False,lot,51400.0,571 Abbots Hill,Kirkland,"King County, Washington",571.0,Abbots Store #571,2019-11-06 00:00:00,West,Large,Washington,98033.0,62700.0,West-3,Store,9,21,10,20
502,Gavel Store #502,502 Gavel Walk,Menifee,California,92584.0,"Riverside County, California",West,2019-08-24 00:00:00,2022-11-02 00:00:00,33.6527,-117.1736,Large,6000.0,34.0,Delivery to Car,47300.0,55800.0,2022-11-02 00:00:00,6000.0,34.0,Delivery to Car,,,,True,street,47300.0,502 Gavel Walk,Menifee,"Riverside County, California",502.0,Gavel Store #502,2019-08-24 00:00:00,West,Large,California,92584.0,55800.0,West-3,Store,9,21,10,20
204,Blore Store #204,204 Blore Road,Manchester,New Hampshire,3103.0,"Hillsborough County, New Hampshire",East,2013-01-31 00:00:00,2017-09-29 00:00:00,42.9505,-71.4465,Small,9800.0,51.0,Delivery to Car,18400.0,22300.0,2017-09-29 00:00:00,9800.0,51.0,Delivery to Car,0.476,236.0,57534.0,True,lot,18400.0,204 Blore Road,Manchester,"Hillsborough County, New Hampshire",204.0,Blore Store #204,2013-01-31 00:00:00,East,Small,New Hampshire,3103.0,22300.0,East-1,Store,10,20,11,18
821,Lake Store #821,821 Lake Road,Clovis,California,93611.0,"Fresno County, California",West,2020-10-10 00:00:00,2018-06-28 00:00:00,36.8253,-119.6802,Medium,3400.0,30.0,In Store Pickup,28900.0,35300.0,2018-06-28 00:00:00,3400.0,30.0,In Store Pickup,0.382,504.0,106606.0,True,garage,28900.0,821 Lake Road,Clovis,"Fresno County, California",821.0,Lake Store #821,2020-10-10 00:00:00,West,Medium,California,93611.0,35300.0,West-5,Store,10,21,11,19
324,Glenwood Store #324,324 Glenwood Way,Costa Mesa,California,92628.0,"Orange County, California",West,2016-05-27 00:00:00,2018-05-12 00:00:00,33.64,-117.91,Large,8700.0,32.0,Curbside Pickup,48500.0,57200.0,2018-05-12 00:00:00,8700.0,32.0,Curbside Pickup,0.23,631.0,153868.0,False,garage,48500.0,324 Glenwood Way,Costa Mesa,"Orange County, California",324.0,Glenwood Store #324,2016-05-27 00:00:00,West,Large,California,92628.0,57200.0,West-2,Store,9,21,10,20
674,Cheney Store #674,674 Cheney Walk,Palmdale,California,93550.0,"Los Angeles County, California",West,2013-12-24 00:00:00,2018-06-17 00:00:00,34.4084,-118.1236,Large,5000.0,65.0,Ship to Residence,53800.0,63500.0,2018-06-17 00:00:00,5000.0,65.0,Ship to Residence,0.241,934.0,201930.0,False,garage,53800.0,674 Cheney Walk,Palmdale,"Los Angeles County, California",674.0,Cheney Store #674,2013-12-24 00:00:00,West,Large,California,93550.0,63500.0,West-4,Store,9,21,10,20
591,Cliff Store #591,591 Cliff Walk,Plantation,Florida,33313.0,"Broward County, Florida",South,2011-04-29 00:00:00,2017-08-04 00:00:00,26.1515,-80.2273,Large,10200.0,53.0,In Store Pickup,48900.0,59700.0,2017-08-04 00:00:00,10200.0,53.0,In Store Pickup,0.229,873.0,186264.0,True,lot,48900.0,591 Cliff Walk,Plantation,"Broward County, Florida",591.0,Cliff Store #591,2011-04-29 00:00:00,South,Large,Florida,33313.0,59700.0,South-2,Store,9,21,10,20
281,Earl Store #281,281 Earl Rise Street,Sioux Falls,South Dakota,57104.0,"Lincoln County, South Dakota",Midwest,2020-08-02 00:00:00,2024-09-20 00:00:00,43.6048,-96.7074,Medium,2600.0,57.0,In Store Pickup,28800.0,34300.0,2024-09-20 00:00:00,2600.0,57.0,In Store Pickup,,,,False,street,28800.0,281 Earl Rise Street,Sioux Falls,"Lincoln County, South Dakota",281.0,Earl Store #281,2020-08-02 00:00:00,Midwest,Medium,South Dakota,57104.0,34300.0,Midwest-2,Store,10,21,11,19
790,Bolingbroke Store #790,790 Bolingbroke Grove,Duluth,Minnesota,55801.0,"St. Louis County, Minnesota",Midwest,2015-10-07 00:00:00,2018-10-23 00:00:00,46.78,-92.11,Large,4400.0,29.0,,51500.0,63400.0,2018-10-23 00:00:00,4400.0,29.0,,,,,False,street,51500.0,790 Bolingbroke Grove,Duluth,"St. Louis County, Minnesota",790.0,Bolingbroke Store #790,2015-10-07 00:00:00,Midwest,Large,Minnesota,55801.0,63400.0,Midwest-4,Store,9,21,10,20
815,Rivervalley Store #815,815 Rivervalley Street,Deerfield Beach,Florida,33441.0,"Broward County, Florida",South,2017-08-03 00:00:00,2022-07-01 00:00:00,26.3111,-80.0979,Medium,2400.0,44.0,,32300.0,40300.0,2022-07-01 00:00:00,2400.0,44.0,,0.3,539.0,132184.0,False,lot,32300.0,815 Rivervalley Street,Deerfield Beach,"Broward County, Florida",815.0,Rivervalley Store #815,2017-08-03 00:00:00,South,Medium,Florida,33441.0,40300.0,South-3,Store,10,21,11,19
254,Spruce Store #254,254 Spruce Way,South Gate,California,90280.0,"Los Angeles County, California",West,2018-10-29 00:00:00,2017-09-29 00:00:00,33.9442,-118.1928,Small,7500.0,42.0,Curbside Pickup,14700.0,18400.0,2017-09-29 00:00:00,7500.0,42.0,Curbside Pickup,0.234,259.0,58144.0,False,garage,14700.0,254 Spruce Way,South Gate,"Los Angeles County, California",254.0,Spruce Store #254,2018-10-29 00:00:00,West,Small,California,90280.0,18400.0,West-1,Store,10,20,11,18
911,Collins Store #911,911 Collins Way,Lewisville,Texas,75029.0,"Dallas County, Texas",Southwest,2018-08-31 00:00:00,2016-12-25 00:00:00,33.04,-96.98,Large,5100.0,62.0,Ship to Residence,51900.0,63300.0,2016-12-25 00:00:00,5100.0,62.0,Ship to Residence,0.296,803.0,193065.0,True,garage,51900.0,911 Collins Way,Lewisville,"Dallas County, Texas",911.0,Collins Store #911,2018-08-31 00:00:00,Southwest,Large,Texas,75029.0,63300.0,Southwest-3,Store,9,21,10,20
806,Ampton Store #806,806 Ampton Boulevard,Bolingbrook,Illinois,60440.0,"DuPage County, Illinois",Midwest,2015-08-26 00:00:00,2020-01-26 00:00:00,41.7006,-88.075,Large,9400.0,59.0,Curbside Pickup,46100.0,53500.0,2020-01-26 00:00:00,9400.0,59.0,Curbside Pickup,,,,False,street,46100.0,806 Ampton Boulevard,Bolingbrook,"DuPage County, Illinois",806.0,Ampton Store #806,2015-08-26 00:00:00,Midwest,Large,Illinois,60440.0,53500.0,Midwest-4,Store,9,21,10,20
56,Coley Store #56,56 Coley Boulevard,Naperville,Illinois,60540.0,"DuPage County, Illinois",Midwest,2017-11-06 00:00:00,2016-09-29 00:00:00,41.7647,-88.1454,Medium,6600.0,28.0,In Store Pickup,28100.0,34300.0,2016-09-29 00:00:00,6600.0,28.0,In Store Pickup,,,,True,street,28100.0,56 Coley Boulevard,Naperville,"DuPage County, Illinois",56.0,Coley Store #56,2017-11-06 00:00:00,Midwest,Medium,Illinois,60540.0,34300.0,Midwest-1,Store,10,21,11,19
979,Balfour Store #979,979 Balfour Road,Hoover,Alabama,35226.0,"Jefferson County, Alabama",South,2014-03-06 00:00:00,2022-01-09 00:00:00,33.3992,-86.8459,Medium,2200.0,53.0,In Store Pickup,30200.0,36200.0,2022-01-09 00:00:00,2200.0,53.0,In Store Pickup,0.431,469.0,108600.0,True,garage,30200.0,979 Balfour Road,Hoover,"Jefferson County, Alabama",979.0,Balfour Store #979,2014-03-06 00:00:00,South,Medium,Alabama,35226.0,36200.0,South-3,Store,10,21,11,19
550,Eaglet Store #550,550 Eaglet Pass,Baton Rouge,Louisiana,70826.0,"East Baton Rouge Parish, Louisiana",South,2011-04-07 00:00:00,2019-03-15 00:00:00,30.44,-91.12,Medium,5100.0,43.0,,37500.0,45400.0,2019-03-15 00:00:00,5100.0,43.0,,0.245,618.0,151182.0,False,garage,37500.0,550 Eaglet Pass,Baton Rouge,"East Baton Rouge Parish, Louisiana",550.0,Eaglet Store #550,2011-04-07 00:00:00,South,Medium,Louisiana,70826.0,45400.0,South-1,Store,10,21,11,19
402,Duthie Store #402,402 Duthie Crossroad,Columbus,Ohio,43216.0,"Delaware County, Ohio",Midwest,2011-12-28 00:00:00,2024-06-07 00:00:00,39.9799,-82.98,Large,3900.0,28.0,Curbside Pickup,46600.0,56000.0,2024-06-07 00:00:00,3900.0,28.0,Curbside Pickup,0.296,687.0,160720.0,False,garage,46600.0,402 Duthie Crossroad,Columbus,"Delaware County, Ohio",402.0,Duthie Store #402,2011-12-28 00:00:00,Midwest,Large,Ohio,43216.0,56000.0,Midwest-3,Store,9,21,10,20
473,Tisbury Store #473,473 Tisbury Road,West Palm Beach,Florida,33401.0,"Palm Beach County, Florida",South,2012-10-15 00:00:00,2021-11-06 00:00:00,26.7158,-80.0702,Large,10700.0,54.0,Ship to Residence,48500.0,59700.0,2021-11-06 00:00:00,10700.0,54.0,Ship to Residence,0.374,818.0,172533.0,False,garage,48500.0,473 Tisbury Road,West Palm Beach,"Palm Beach County, Florida",473.0,Tisbury Store #473,2012-10-15 00:00:00,South,Large,Florida,33401.0,59700.0,South-1,Store,9,21,10,20
288,Parkfields Store #288,288 Parkfields Avenue,Parma,Ohio,44129.0,"Cuyahoga County, Ohio",Midwest,2017-07-22 00:00:00,2020-04-16 00:00:00,41.3905,-81.7353,Medium,5700.0,25.0,,27900.0,34600.0,2020-04-16 00:00:00,5700.0,25.0,,,,,True,street,27900.0,288 Parkfields Avenue,Parma,"Cuyahoga County, Ohio",288.0,Parkfields Store #288,2017-07-22 00:00:00,Midwest,Medium,Ohio,44129.0,34600.0,Midwest-2,Store,10,21,11,19
610,Sheraton Store #610,610 Sheraton Pass,Omaha,Nebraska,68108.0,"Douglas County, Nebraska",Midwest,2016-10-01 00:00:00,2020-09-06 00:00:00,41.2376,-95.9301,Large,11500.0,25.0,Ship to Residence,54000.0,67000.0,2020-09-06 00:00:00,11500.0,25.0,Ship to Residence,,,,False,street,54000.0,610 Sheraton Pass,Omaha,"Douglas County, Nebraska",610.0,Sheraton Store #610,2016-10-01 00:00:00,Midwest,Large,Nebraska,68108.0,67000.0,Midwest-3,Store,9,21,10,20
67,Clavell Store #67,67 Clavell Alley,Kennewick,Washington,99336.0,"Benton County, Washington",West,2017-10-05 00:00:00,2024-06-30 00:00:00,46.2141,-119.1757,Medium,9300.0,47.0,,28200.0,35300.0,2024-06-30 00:00:00,9300.0,47.0,,0.379,503.0,108018.0,True,garage,28200.0,67 Clavell Alley,Kennewick,"Benton County, Washington",67.0,Clavell Store #67,2017-10-05 00:00:00,West,Medium,Washington,99336.0,35300.0,West-1,Store,10,21,11,19
89,Buttonwood Store #89,89 Buttonwood Boulevard,Appleton,Wisconsin,54911.0,"Calumet County, Wisconsin",Midwest,2016-01-26 00:00:00,2023-10-22 00:00:00,44.2815,-88.381,Small,4700.0,63.0,Curbside Pickup,17900.0,20500.0,2023-10-22 00:00:00,4700.0,63.0,Curbside Pickup,,,,False,street,17900.0,89 Buttonwood Boulevard,Appleton,"Calumet County, Wisconsin",89.0,Buttonwood Store #89,2016-01-26 00:00:00,Midwest,Small,Wisconsin,54911.0,20500.0,Midwest-1,Store,10,20,11,18
898,Ernest Store #898,898 Ernest Lane,Lynchburg,Virginia,24501.0,"Lynchburg City, Virginia",East,2018-07-17 00:00:00,2025-01-06 00:00:00,37.3596,-79.1413,Small,11500.0,29.0,In Store Pickup,13500.0,16800.0,2025-01-06 00:00:00,11500.0,29.0,In Store Pickup,0.313,236.0,55944.0,False,garage,13500.0,898 Ernest Lane,Lynchburg,"Lynchburg City, Virginia",898.0,Ernest Store #898,2018-07-17 00:00:00,East,Small,Virginia,24501.0,16800.0,East-3,Store,10,20,11,18
21,Edwin Store #21,21 Edwin Tunnel,Troy,Michigan,48007.0,"Newaygo County, Michigan",Midwest,2014-10-06 00:00:00,2021-04-13 00:00:00,42.58,-83.14,Small,7600.0,28.0,Delivery to Car,16000.0,19700.0,2021-04-13 00:00:00,7600.0,28.0,Delivery to Car,,,,False,street,16000.0,21 Edwin Tunnel,Troy,"Newaygo County, Michigan",21.0,Edwin Store #21,2014-10-06 00:00:00,Midwest,Small,Michigan,48007.0,19700.0,Midwest-1,Store,10,20,11,18
594,Church Store #594,594 Church Drive,Costa Mesa,California,92628.0,"Orange County, California",West,2017-12-10 00:00:00,2016-06-29 00:00:00,33.64,-117.91,Medium,9600.0,48.0,Ship to Residence,35100.0,42900.0,2016-06-29 00:00:00,9600.0,48.0,Ship to Residence,0.349,599.0,127413.0,True,garage,35100.0,594 Church Drive,Costa Mesa,"Orange County, California",594.0,Church Store #594,2017-12-10 00:00:00,West,Medium,California,92628.0,42900.0,West-3,Store,10,21,11,19
71,Chambers Store #71,71 Chambers Pass,Lafayette,Indiana,47901.0,"Tippecanoe County, Indiana",Midwest,2012-01-08 00:00:00,2016-10-16 00:00:00,40.4178,-86.8896,Large,7500.0,59.0,Curbside Pickup,52400.0,65000.0,2016-10-16 00:00:00,7500.0,59.0,Curbside Pickup,,,,True,street,52400.0,71 Chambers Pass,Lafayette,"Tippecanoe County, Indiana",71.0,Chambers Store #71,2012-01-08 00:00:00,Midwest,Large,Indiana,47901.0,65000.0,Midwest-1,Store,9,21,10,20
222,Carolina Store #222,222 Carolina Vale,Arlington Heights,Illinois,60004.0,"Cook County, Illinois",Midwest,2019-12-30 00:00:00,2017-03-09 00:00:00,42.1128,-87.9795,Large,10900.0,56.0,,46600.0,54900.0,2017-03-09 00:00:00,10900.0,56.0,,,,,True,street,46600.0,222 Carolina Vale,Arlington Heights,"Cook County, Illinois",222.0,Carolina Store #222,2019-12-30 00:00:00,Midwest,Large,Illinois,60004.0,54900.0,Midwest-2,Store,9,21,10,20
770,Chelsea Store #770,770 Chelsea Manor Crossroad,Carson,California,90745.0,"Los Angeles County, California",West,2019-11-21 00:00:00,2022-05-28 00:00:00,33.8227,-118.2641,Large,1400.0,57.0,Delivery to Car,49400.0,60700.0,2022-05-28 00:00:00,1400.0,57.0,Delivery to Car,0.23,751.0,182707.0,True,lot,49400.0,770 Chelsea Manor Crossroad,Carson,"Los Angeles County, California",770.0,Chelsea Store #770,2019-11-21 00:00:00,West,Large,California,90745.0,60700.0,West-4,Store,9,21,10,20
199,Blenkarne Store #199,199 Blenkarne Crossroad,Las Vegas,Nevada,89199.0,"Clark County, Nevada",West,2018-11-03 00:00:00,2025-08-05 00:00:00,36.15,-115.1,Large,11400.0,56.0,Curbside Pickup,45100.0,54200.0,2025-08-05 00:00:00,11400.0,56.0,Curbside Pickup,0.319,797.0,185364.0,False,lot,45100.0,199 Blenkarne Crossroad,Las Vegas,"Clark County, Nevada",199.0,Blenkarne Store #199,2018-11-03 00:00:00,West,Large,Nevada,89199.0,54200.0,West-1,Store,9,21,10,20
464,Oxford Store #464,464 Oxford Lane,Riverside,California,92507.0,"Riverside County, California",West,2018-03-11 00:00:00,2018-06-28 00:00:00,33.9707,-117.3251,Small,4700.0,35.0,,16800.0,20000.0,2018-06-28 00:00:00,4700.0,35.0,,0.491,259.0,59600.0,False,garage,16800.0,464 Oxford Lane,Riverside,"Riverside County, California",464.0,Oxford Store #464,2018-03-11 00:00:00,West,Small,California,92507.0,20000.0,West-3,Store,10,20,11,18
578,Bush Store #578,578 Bush Crossroad,East Orange,New Jersey,7017.0,"Essex County, New Jersey",East,2015-04-18 00:00:00,2023-11-14 00:00:00,40.7721,-74.2071,Small,7200.0,47.0,,15300.0,18900.0,2023-11-14 00:00:00,7200.0,47.0,,0.477,226.0,54243.0,False,garage,15300.0,578 Bush Crossroad,East Orange,"Essex County, New Jersey",578.0,Bush Store #578,2015-04-18 00:00:00,East,Small,New Jersey,7017.0,18900.0,East-2,Store,10,20,11,18
603,Gavel Store #603,603 Gavel Alley,Santa Fe,New Mexico,87500.0,"Santa Fe County, New Mexico",Southwest,2015-11-12 00:00:00,2024-01-11 00:00:00,35.5143,-105.9658,Large,8900.0,37.0,,49100.0,60900.0,2024-01-11 00:00:00,8900.0,37.0,,,,,True,street,49100.0,603 Gavel Alley,Santa Fe,"Santa Fe County, New Mexico",603.0,Gavel Store #603,2015-11-12 00:00:00,Southwest,Large,New Mexico,87500.0,60900.0,Southwest-2,Store,9,21,10,20
642,Enford Store #642,642 Enford Road,Tacoma,Washington,98413.0,"Pierce County, Washington",West,2013-01-17 00:00:00,2019-08-29 00:00:00,47.2,-122.48,Small,4800.0,41.0,Ship to Residence,14100.0,16900.0,2019-08-29 00:00:00,4800.0,41.0,Ship to Residence,0.46,191.0,47489.0,False,garage,14100.0,642 Enford Road,Tacoma,"Pierce County, Washington",642.0,Enford Store #642,2013-01-17 00:00:00,West,Small,Washington,98413.0,16900.0,West-4,Store,10,20,11,18
164,Chester Store #164,164 Chester Drive,Austin,Texas,78710.0,"Travis County, Texas",Southwest,2013-02-13 00:00:00,2023-05-17 00:00:00,30.26,-97.74,Large,6100.0,53.0,Ship to Residence,51300.0,61600.0,2023-05-17 00:00:00,6100.0,53.0,Ship to Residence,0.399,660.0,164472.0,True,lot,51300.0,164 Chester Drive,Austin,"Travis County, Texas",164.0,Chester Store #164,2013-02-13 00:00:00,Southwest,Large,Texas,78710.0,61600.0,Southwest-1,Store,9,21,10,20
538,Lexington Store #538,538 Lexington Rue,Vancouver,Washington,98668.0,"Clark County, Washington",West,2011-07-29 00:00:00,2017-12-21 00:00:00,45.71,-122.62,Large,3400.0,44.0,Ship to Residence,54200.0,65600.0,2017-12-21 00:00:00,3400.0,44.0,Ship to Residence,0.251,930.0,196144.0,True,garage,54200.0,538 Lexington Rue,Vancouver,"Clark County, Washington",538.0,Lexington Store #538,2011-07-29 00:00:00,West,Large,Washington,98668.0,65600.0,West-3,Store,9,21,10,20
949,Abourne Store #949,949 Abourne Grove,Richmond,Virginia,23232.0,"Richmond city, Virginia",East,2016-12-07 00:00:00,2024-05-02 00:00:00,37.55,-77.4599,Medium,10200.0,43.0,Delivery to Car,33100.0,38000.0,2024-05-02 00:00:00,10200.0,43.0,Delivery to Car,0.202,504.0,122360.0,True,garage,33100.0,949 Abourne Grove,Richmond,"Richmond city, Virginia",949.0,Abourne Store #949,2016-12-07 00:00:00,East,Medium,Virginia,23232.0,38000.0,East-3,Store,10,21,11,19
717,Pine Store #717,717 Pine Avenue,Lewisville,Texas,75029.0,"Dallas County, Texas",Southwest,2015-08-14 00:00:00,2016-03-28 00:00:00,33.04,-96.98,Large,2700.0,29.0,,44400.0,52400.0,2016-03-28 00:00:00,2700.0,29.0,,0.246,833.0,177112.0,True,lot,44400.0,717 Pine Avenue,Lewisville,"Dallas County, Texas",717.0,Pine Store #717,2015-08-14 00:00:00,Southwest,Large,Texas,75029.0,52400.0,Southwest-3,Store,9,21,10,20
713,Elizabeth Store #713,713 Elizabeth Crossroad,Huntington Beach,California,92647.0,"Orange County, California",West,2020-07-27 00:00:00,2017-08-24 00:00:00,33.7232,-118.0087,Large,6100.0,33.0,In Store Pickup,49400.0,56800.0,2017-08-24 00:00:00,6100.0,33.0,In Store Pickup,0.242,774.0,163016.0,False,garage,49400.0,713 Elizabeth Crossroad,Huntington Beach,"Orange County, California",713.0,Elizabeth Store #713,2020-07-27 00:00:00,West,Large,California,92647.0,56800.0,West-4,Store,9,21,10,20
16,Carlisle Store #16,16 Carlisle Street,Lynchburg,Virginia,24501.0,"Lynchburg City, Virginia",East,2020-07-09 00:00:00,2024-12-25 00:00:00,37.3596,-79.1413,Medium,6100.0,42.0,Delivery to Car,28800.0,34000.0,2024-12-25 00:00:00,6100.0,42.0,Delivery to Car,0.44,440.0,103360.0,True,lot,28800.0,16 Carlisle Street,Lynchburg,"Lynchburg City, Virginia",16.0,Carlisle Store #16,2020-07-09 00:00:00,East,Medium,Virginia,24501.0,34000.0,East-1,Store,10,21,11,19
19,Elia Store #19,19 Elia Avenue,Columbus,Ohio,43216.0,"Delaware County, Ohio",Midwest,2011-12-02 00:00:00,2019-11-22 00:00:00,39.9799,-82.98,Small,5200.0,40.0,In Store Pickup,14100.0,17100.0,2019-11-22 00:00:00,5200.0,40.0,In Store Pickup,0.369,227.0,54891.0,True,lot,14100.0,19 Elia Avenue,Columbus,"Delaware County, Ohio",19.0,Elia Store #19,2011-12-02 00:00:00,Midwest,Small,Ohio,43216.0,17100.0,Midwest-1,Store,10,20,11,18
869,Cedarne Store #869,869 Cedarne Route,Virginia Beach,Virginia,23450.0,"Virginia Beach City, Virginia",East,2014-04-03 00:00:00,2020-10-23 00:00:00,36.7299,-76.04,Small,2600.0,39.0,Delivery to Car,14300.0,17100.0,2020-10-23 00:00:00,2600.0,39.0,Delivery to Car,0.23,219.0,48564.0,False,garage,14300.0,869 Cedarne Route,Virginia Beach,"Virginia Beach City, Virginia",869.0,Cedarne Store #869,2014-04-03 00:00:00,East,Small,Virginia,23450.0,17100.0,East-3,Store,10,20,11,18
669,Clissold Store #669,669 Clissold Street,Columbus,Georgia,31908.0,"Muscogee County, Georgia",South,2014-07-11 00:00:00,2021-04-17 00:00:00,32.51,-84.87,Large,3700.0,58.0,In Store Pickup,54000.0,66500.0,2021-04-17 00:00:00,3700.0,58.0,In Store Pickup,,,,True,street,54000.0,669 Clissold Street,Columbus,"Muscogee County, Georgia",669.0,Clissold Store #669,2014-07-11 00:00:00,South,Large,Georgia,31908.0,66500.0,South-2,Store,9,21,10,20
314,Longmoore Store #314,314 Longmoore Alley,Waukesha,Wisconsin,53186.0,"Waukesha County, Wisconsin",Midwest,2012-08-20 00:00:00,2025-06-29 00:00:00,43.0222,-88.2047,Large,4400.0,53.0,Curbside Pickup,45000.0,54400.0,2025-06-29 00:00:00,4400.0,53.0,Curbside Pickup,,,,True,street,45000.0,314 Longmoore Alley,Waukesha,"Waukesha County, Wisconsin",314.0,Longmoore Store #314,2012-08-20 00:00:00,Midwest,Large,Wisconsin,53186.0,54400.0,Midwest-2,Store,9,21,10,20
440,Clarks Store #440,440 Clarks Rue,Oakland,California,94612.0,"Alameda County, California",West,2018-02-25 00:00:00,2018-04-30 00:00:00,37.8088,-122.2692,Large,2500.0,64.0,,49800.0,62200.0,2018-04-30 00:00:00,2500.0,64.0,,0.407,764.0,180380.0,False,lot,49800.0,440 Clarks Rue,Oakland,"Alameda County, California",440.0,Clarks Store #440,2018-02-25 00:00:00,West,Large,California,94612.0,62200.0,West-3,Store,9,21,10,20
455,Canal Store #455,455 Canal Avenue,Sioux Falls,South Dakota,57104.0,"Lincoln County, South Dakota",Midwest,2020-06-24 00:00:00,2019-09-26 00:00:00,43.6048,-96.7074,Large,2800.0,55.0,Delivery to Car,53500.0,62100.0,2019-09-26 00:00:00,2800.0,55.0,Delivery to Car,,,,True,street,53500.0,455 Canal Avenue,Sioux Falls,"Lincoln County, South Dakota",455.0,Canal Store #455,2020-06-24 00:00:00,Midwest,Large,South Dakota,57104.0,62100.0,Midwest-3,Store,9,21,10,20
661,Angrave Store #661,661 Angrave Alley,Jackson,Tennessee,38301.0,"Madison County, Tennessee",South,2018-03-15 00:00:00,2016-12-21 00:00:00,35.5882,-88.8533,Medium,3800.0,32.0,In Store Pickup,33400.0,40800.0,2016-12-21 00:00:00,3800.0,32.0,In Store Pickup,0.448,557.0,131784.0,True,garage,33400.0,661 Angrave Alley,Jackson,"Madison County, Tennessee",661.0,Angrave Store #661,2018-03-15 00:00:00,South,Medium,Tennessee,38301.0,40800.0,South-2,Store,10,21,11,19
922,King Store #922,922 King William Way,Huntsville,Alabama,35813.0,"Limestone County, Alabama",South,2014-02-18 00:00:00,2020-07-07 00:00:00,34.7,-86.62,Large,8000.0,47.0,,53200.0,62300.0,2020-07-07 00:00:00,8000.0,47.0,,0.361,736.0,182539.0,True,garage,53200.0,922 King William Way,Huntsville,"Limestone County, Alabama",922.0,King Store #922,2014-02-18 00:00:00,South,Large,Alabama,35813.0,62300.0,South-3,Store,9,21,10,20
659,King Store #659,659 King Hill,El Paso,Texas,79910.0,"El Paso County, Texas",Southwest,2019-08-28 00:00:00,2017-01-19 00:00:00,31.84,-106.43,Small,8100.0,39.0,Ship to Residence,13600.0,16200.0,2017-01-19 00:00:00,8100.0,39.0,Ship to Residence,0.338,172.0,41472.0,False,garage,13600.0,659 King Hill,El Paso,"El Paso County, Texas",659.0,King Store #659,2019-08-28 00:00:00,Southwest,Small,Texas,79910.0,16200.0,Southwest-2,Store,10,20,11,18
58,Castlereagh Store #58,58 Castlereagh Drive,Green Bay,Wisconsin,54303.0,"Brown County, Wisconsin",Midwest,2018-08-28 00:00:00,2023-04-24 00:00:00,44.5381,-88.0488,Medium,11200.0,31.0,Curbside Pickup,37200.0,44600.0,2023-04-24 00:00:00,11200.0,31.0,Curbside Pickup,,,,True,street,37200.0,58 Castlereagh Drive,Green Bay,"Brown County, Wisconsin",58.0,Castlereagh Store #58,2018-08-28 00:00:00,Midwest,Medium,Wisconsin,54303.0,44600.0,Midwest-1,Store,10,21,11,19
327,Cliffords Store #327,327 Cliffords Avenue,Southfield,Michigan,48034.0,"Oakland County, Michigan",Midwest,2017-03-28 00:00:00,2021-11-26 00:00:00,42.4968,-83.2911,Large,5900.0,40.0,In Store Pickup,44900.0,55200.0,2021-11-26 00:00:00,5900.0,40.0,In Store Pickup,,,,False,street,44900.0,327 Cliffords Avenue,Southfield,"Oakland County, Michigan",327.0,Cliffords Store #327,2017-03-28 00:00:00,Midwest,Large,Michigan,48034.0,55200.0,Midwest-2,Store,9,21,10,20
958,Meadow Store #958,958 Meadow Lane,Bend,Oregon,97701.0,"Deschutes County, Oregon",West,2017-12-10 00:00:00,2016-01-31 00:00:00,44.1123,-121.2063,Large,5500.0,49.0,Delivery to Car,54000.0,62700.0,2016-01-31 00:00:00,5500.0,49.0,Delivery to Car,0.262,905.0,197505.0,False,lot,54000.0,958 Meadow Lane,Bend,"Deschutes County, Oregon",958.0,Meadow Store #958,2017-12-10 00:00:00,West,Large,Oregon,97701.0,62700.0,West-5,Store,9,21,10,20
129,Blue Store #129,129 Blue Anchor Rue,Elizabeth,New Jersey,7208.0,"Union County, New Jersey",East,2015-05-26 00:00:00,2019-01-20 00:00:00,40.6738,-74.2264,Small,9800.0,52.0,Ship to Residence,18500.0,21800.0,2019-01-20 00:00:00,9800.0,52.0,Ship to Residence,0.483,272.0,63002.0,False,garage,18500.0,129 Blue Anchor Rue,Elizabeth,"Union County, New Jersey",129.0,Blue Store #129,2015-05-26 00:00:00,East,Small,New Jersey,7208.0,21800.0,East-1,Store,10,20,11,18
960,Chicksand Store #960,960 Chicksand Rue,Pittsburg,California,94565.0,"Contra Costa County, California",West,2012-03-10 00:00:00,2016-01-07 00:00:00,38.0146,-121.9063,Large,3600.0,51.0,Ship to Residence,52300.0,61200.0,2016-01-07 00:00:00,3600.0,51.0,Ship to Residence,0.477,689.0,162792.0,True,lot,52300.0,960 Chicksand Rue,Pittsburg,"Contra Costa County, California",960.0,Chicksand Store #960,2012-03-10 00:00:00,West,Large,California,94565.0,61200.0,West-5,Store,9,21,10,20
893,Bliss Store #893,893 Bliss Lane,Harlingen,Texas,78550.0,"Cameron County, Texas",Southwest,2013-10-15 00:00:00,2024-01-23 00:00:00,26.2555,-97.6675,Small,5800.0,49.0,Curbside Pickup,14800.0,17500.0,2024-01-23 00:00:00,5800.0,49.0,Curbside Pickup,0.21,224.0,47250.0,True,garage,14800.0,893 Bliss Lane,Harlingen,"Cameron County, Texas",893.0,Bliss Store #893,2013-10-15 00:00:00,Southwest,Small,Texas,78550.0,17500.0,Southwest-3,Store,10,20,11,18
436,Garfield Store #436,436 Garfield Alley,Dallas,Texas,75260.0,"Dallas County, Texas",Southwest,2014-06-22 00:00:00,2017-12-13 00:00:00,32.79,-96.76,Small,6700.0,36.0,Ship to Residence,17600.0,21200.0,2017-12-13 00:00:00,6700.0,36.0,Ship to Residence,0.36,246.0,61480.0,True,garage,17600.0,436 Garfield Alley,Dallas,"Dallas County, Texas",436.0,Garfield Store #436,2014-06-22 00:00:00,Southwest,Small,Texas,75260.0,21200.0,Southwest-2,Store,10,20,11,18
296,Sheffield Store #296,296 Sheffield Pass,Round Rock,Texas,78664.0,"Travis County, Texas",Southwest,2014-05-08 00:00:00,2017-11-21 00:00:00,30.5019,-97.6473,Large,8500.0,52.0,In Store Pickup,45600.0,54200.0,2017-11-21 00:00:00,8500.0,52.0,In Store Pickup,0.263,575.0,142004.0,True,garage,45600.0,296 Sheffield Pass,Round Rock,"Travis County, Texas",296.0,Sheffield Store #296,2014-05-08 00:00:00,Southwest,Large,Texas,78664.0,54200.0,Southwest-1,Store,9,21,10,20
611,Under Store #611,611 Under Avenue,Edinburg,Texas,78539.0,"Hidalgo County, Texas",Southwest,2012-10-21 00:00:00,2022-09-20 00:00:00,26.2807,-98.1833,Large,9800.0,52.0,Delivery to Car,50900.0,58500.0,2022-09-20 00:00:00,9800.0,52.0,Delivery to Car,0.328,774.0,170235.0,True,garage,50900.0,611 Under Avenue,Edinburg,"Hidalgo County, Texas",611.0,Under Store #611,2012-10-21 00:00:00,Southwest,Large,Texas,78539.0,58500.0,Southwest-2,Store,9,21,10,20
438,Arthur Store #438,438 Arthur Alley,Jackson,Mississippi,39205.0,"Hinds County, Mississippi",South,2018-06-13 00:00:00,2015-12-15 00:00:00,32.32,-90.2,Large,6500.0,49.0,,44600.0,55300.0,2015-12-15 00:00:00,6500.0,49.0,,0.347,812.0,175854.0,True,lot,44600.0,438 Arthur Alley,Jackson,"Hinds County, Mississippi",438.0,Arthur Store #438,2018-06-13 00:00:00,South,Large,Mississippi,39205.0,55300.0,South-1,Store,9,21,10,20
355,Collins Store #355,355 Collins Alley,Houston,Texas,77201.0,"Harris County, Texas",Southwest,2012-09-29 00:00:00,2025-07-10 00:00:00,29.766,-95.3644,Small,9100.0,42.0,Ship to Residence,15400.0,19100.0,2025-07-10 00:00:00,9100.0,42.0,Ship to Residence,0.265,230.0,49278.0,True,lot,15400.0,355 Collins Alley,Houston,"Harris County, Texas",355.0,Collins Store #355,2012-09-29 00:00:00,Southwest,Small,Texas,77201.0,19100.0,Southwest-1,Store,10,20,11,18
819,Thoresby Store #819,819 Thoresby Avenue,Miramar,Florida,33023.0,"Broward County, Florida",South,2014-07-21 00:00:00,2025-09-08 00:00:00,25.9892,-80.2171,Large,6100.0,29.0,Curbside Pickup,44400.0,55500.0,2025-09-08 00:00:00,6100.0,29.0,Curbside Pickup,0.472,729.0,164280.0,True,garage,44400.0,819 Thoresby Avenue,Miramar,"Broward County, Florida",819.0,Thoresby Store #819,2014-07-21 00:00:00,South,Large,Florida,33023.0,55500.0,South-3,Store,9,21,10,20
813,Andsell Store #813,813 Andsell Road,Quincy,Massachusetts,2169.0,"Norfolk County, Massachusetts",East,2018-03-23 00:00:00,2025-10-04 00:00:00,42.2483,-71.0023,Medium,1500.0,35.0,,37000.0,45100.0,2025-10-04 00:00:00,1500.0,35.0,,0.231,630.0,142065.0,True,garage,37000.0,813 Andsell Road,Quincy,"Norfolk County, Massachusetts",813.0,Andsell Store #813,2018-03-23 00:00:00,East,Medium,Massachusetts,2169.0,45100.0,East-3,Store,10,21,11,19
705,King Store #705,705 King Boulevard,Greeley,Colorado,80631.0,"Weld County, Colorado",Southwest,2020-04-26 00:00:00,2024-08-07 00:00:00,40.4429,-104.6731,Medium,8200.0,33.0,Ship to Residence,30700.0,36500.0,2024-08-07 00:00:00,8200.0,33.0,Ship to Residence,0.384,551.0,124830.0,False,lot,30700.0,705 King Boulevard,Greeley,"Weld County, Colorado",705.0,King Store #705,2020-04-26 00:00:00,Southwest,Medium,Colorado,80631.0,36500.0,Southwest-3,Store,10,21,11,19
555,Chesterfield Store #555,555 Chesterfield Alley,Baltimore,Maryland,21202.0,"Baltimore city, Maryland",East,2014-11-07 00:00:00,2021-10-13 00:00:00,39.2965,-76.607,Large,10400.0,45.0,,52100.0,64600.0,2021-10-13 00:00:00,10400.0,45.0,,0.342,888.0,217702.0,True,garage,52100.0,555 Chesterfield Alley,Baltimore,"Baltimore city, Maryland",555.0,Chesterfield Store #555,2014-11-07 00:00:00,East,Large,Maryland,21202.0,64600.0,East-2,Store,9,21,10,20
70,Emily Store #70,70 Emily Alley,Mesquite,Texas,75149.0,"Dallas County, Texas",Southwest,2012-01-07 00:00:00,2021-04-23 00:00:00,32.7734,-96.6187,Large,7000.0,57.0,Ship to Residence,51200.0,60500.0,2021-04-23 00:00:00,7000.0,57.0,Ship to Residence,0.312,904.0,199045.0,True,garage,51200.0,70 Emily Alley,Mesquite,"Dallas County, Texas",70.0,Emily Store #70,2012-01-07 00:00:00,Southwest,Large,Texas,75149.0,60500.0,Southwest-1,Store,9,21,10,20
945,Armory Store #945,945 Armory Hill,Buena Park,California,90620.0,"Orange County, California",West,2017-12-12 00:00:00,2023-01-28 00:00:00,33.8452,-118.0153,Large,7000.0,63.0,Ship to Residence,46800.0,55200.0,2023-01-28 00:00:00,7000.0,63.0,Ship to Residence,0.412,737.0,165048.0,True,garage,46800.0,945 Armory Hill,Buena Park,"Orange County, California",945.0,Armory Store #945,2017-12-12 00:00:00,West,Large,California,90620.0,55200.0,West-5,Store,9,21,10,20
908,Ellerman Store #908,908 Ellerman Lane,Roswell,Georgia,30075.0,"Fulton County, Georgia",South,2020-08-07 00:00:00,2016-01-09 00:00:00,34.0551,-84.3905,Large,8600.0,27.0,Delivery to Car,50000.0,62500.0,2016-01-09 00:00:00,8600.0,27.0,Delivery to Car,,,,False,street,50000.0,908 Ellerman Lane,Roswell,"Fulton County, Georgia",908.0,Ellerman Store #908,2020-08-07 00:00:00,South,Large,Georgia,30075.0,62500.0,South-3,Store,9,21,10,20
102,West Store #102,102 West Crossroad,Lynn,Massachusetts,1901.0,"Essex County, Massachusetts",East,2016-07-28 00:00:00,2020-03-24 00:00:00,42.4604,-70.9464,Small,2500.0,38.0,Ship to Residence,13700.0,16500.0,2020-03-24 00:00:00,2500.0,38.0,Ship to Residence,0.414,202.0,49665.0,True,garage,13700.0,102 West Crossroad,Lynn,"Essex County, Massachusetts",102.0,West Store #102,2016-07-28 00:00:00,East,Small,Massachusetts,1901.0,16500.0,East-1,Store,10,20,11,18
409,Cavendish Store #409,409 Cavendish Rue,Bellflower,California,90706.0,"Los Angeles County, California",West,2019-04-22 00:00:00,2017-03-04 00:00:00,33.8878,-118.1273,Small,8100.0,34.0,Ship to Residence,18900.0,22500.0,2017-03-04 00:00:00,8100.0,34.0,Ship to Residence,0.366,321.0,68625.0,False,lot,18900.0,409 Cavendish Rue,Bellflower,"Los Angeles County, California",409.0,Cavendish Store #409,2019-04-22 00:00:00,West,Small,California,90706.0,22500.0,West-2,Store,10,20,11,18
523,Gatonby Store #523,523 Gatonby Rue,Phoenix,Arizona,85026.0,"Maricopa County, Arizona",Southwest,2014-08-30 00:00:00,2019-05-20 00:00:00,33.45,-111.97,Small,9100.0,44.0,Delivery to Car,13600.0,15900.0,2019-05-20 00:00:00,9100.0,44.0,Delivery to Car,0.407,195.0,41022.0,False,lot,13600.0,523 Gatonby Rue,Phoenix,"Maricopa County, Arizona",523.0,Gatonby Store #523,2014-08-30 00:00:00,Southwest,Small,Arizona,85026.0,15900.0,Southwest-2,Store,10,20,11,18
212,Coalecroft Store #212,212 Coalecroft Avenue,Santa Ana,California,92711.0,"Orange County, California",West,2020-01-07 00:00:00,2020-07-15 00:00:00,33.76,-117.8,Small,2300.0,61.0,Ship to Residence,15400.0,18400.0,2020-07-15 00:00:00,2300.0,61.0,Ship to Residence,0.432,213.0,46920.0,True,garage,15400.0,212 Coalecroft Avenue,Santa Ana,"Orange County, California",212.0,Coalecroft Store #212,2020-01-07 00:00:00,West,Small,California,92711.0,18400.0,West-1,Store,10,20,11,18
531,Udall Store #531,531 Udall Avenue,Jersey City,New Jersey,7302.0,"Hudson County, New Jersey",East,2017-01-27 00:00:00,2017-09-05 00:00:00,40.7194,-74.0465,Small,1800.0,36.0,Curbside Pickup,13700.0,16900.0,2017-09-05 00:00:00,1800.0,36.0,Curbside Pickup,0.283,230.0,51883.0,False,garage,13700.0,531 Udall Avenue,Jersey City,"Hudson County, New Jersey",531.0,Udall Store #531,2017-01-27 00:00:00,East,Small,New Jersey,7302.0,16900.0,East-2,Store,10,20,11,18
50,Arline Store #50,50 Arline Street,Oklahoma City,Oklahoma,73125.0,"Oklahoma County, Oklahoma",Southwest,2014-01-22 00:00:00,2024-10-26 00:00:00,35.46,-97.51,Small,5900.0,63.0,Delivery to Car,14600.0,17400.0,2024-10-26 00:00:00,5900.0,63.0,Delivery to Car,0.408,221.0,54810.0,True,garage,14600.0,50 Arline Street,Oklahoma City,"Oklahoma County, Oklahoma",50.0,Arline Store #50,2014-01-22 00:00:00,Southwest,Small,Oklahoma,73125.0,17400.0,Southwest-1,Store,10,20,11,18
984,Walnut Store #984,984 Walnut Grove,Glendale,California,91205.0,"Los Angeles County, California",West,2014-12-26 00:00:00,2021-10-13 00:00:00,34.1366,-118.2458,Small,3300.0,25.0,Curbside Pickup,13300.0,15300.0,2021-10-13 00:00:00,3300.0,25.0,Curbside Pickup,0.355,190.0,42228.0,True,garage,13300.0,984 Walnut Grove,Glendale,"Los Angeles County, California",984.0,Walnut Store #984,2014-12-26 00:00:00,West,Small,California,91205.0,15300.0,West-5,Store,10,20,11,18
360,Bales Store #360,360 Bales Crossroad,Corona,California,91718.0,"Riverside County, California",West,2015-01-01 00:00:00,2023-10-23 00:00:00,33.8753,-117.5656,Small,9000.0,63.0,Curbside Pickup,14800.0,18100.0,2023-10-23 00:00:00,9000.0,63.0,Curbside Pickup,0.342,227.0,48508.0,True,garage,14800.0,360 Bales Crossroad,Corona,"Riverside County, California",360.0,Bales Store #360,2015-01-01 00:00:00,West,Small,California,91718.0,18100.0,West-2,Store,10,20,11,18
926,Catherine Store #926,926 Catherine Way,Decatur,Illinois,62521.0,"Macon County, Illinois",Midwest,2012-04-02 00:00:00,2020-11-14 00:00:00,39.8171,-88.9263,Large,11100.0,32.0,Curbside Pickup,52200.0,62200.0,2020-11-14 00:00:00,11100.0,32.0,Curbside Pickup,0.306,909.0,203394.0,False,garage,52200.0,926 Catherine Way,Decatur,"Macon County, Illinois",926.0,Catherine Store #926,2012-04-02 00:00:00,Midwest,Large,Illinois,62521.0,62200.0,Midwest-4,Store,9,21,10,20
316,Canal Store #316,316 Canal Street,Springfield,Massachusetts,1101.0,"Hampden County, Massachusetts",East,2019-12-15 00:00:00,2021-01-20 00:00:00,42.11,-72.53,Small,8700.0,33.0,Curbside Pickup,19100.0,23700.0,2021-01-20 00:00:00,8700.0,33.0,Curbside Pickup,0.316,291.0,71100.0,True,garage,19100.0,316 Canal Street,Springfield,"Hampden County, Massachusetts",316.0,Canal Store #316,2019-12-15 00:00:00,East,Small,Massachusetts,1101.0,23700.0,East-2,Store,10,20,11,18
814,York Store #814,814 York Street,Lakeland,Florida,33801.0,"Polk County, Florida",South,2020-07-09 00:00:00,2018-09-12 00:00:00,28.036,-81.8996,Large,10200.0,48.0,Delivery to Car,49100.0,59400.0,2018-09-12 00:00:00,10200.0,48.0,Delivery to Car,0.333,822.0,193644.0,True,lot,49100.0,814 York Street,Lakeland,"Polk County, Florida",814.0,York Store #814,2020-07-09 00:00:00,South,Large,Florida,33801.0,59400.0,South-3,Store,9,21,10,20
615,Hamilton Store #615,615 Hamilton Rue,Downey,California,90241.0,"Los Angeles County, California",West,2016-11-26 00:00:00,2021-06-13 00:00:00,33.9403,-118.129,Large,5400.0,33.0,,44600.0,51300.0,2021-06-13 00:00:00,5400.0,33.0,,0.275,623.0,135432.0,False,garage,44600.0,615 Hamilton Rue,Downey,"Los Angeles County, California",615.0,Hamilton Store #615,2016-11-26 00:00:00,West,Large,California,90241.0,51300.0,West-3,Store,9,21,10,20
227,Bede Store #227,227 Bede Boulevard,St. Paul,Minnesota,55109.0,"Ramsey County, Minnesota",Midwest,2017-10-02 00:00:00,2024-01-22 00:00:00,45.0146,-93.0254,Small,3600.0,28.0,Ship to Residence,19100.0,22300.0,2024-01-22 00:00:00,3600.0,28.0,Ship to Residence,,,,False,street,19100.0,227 Bede Boulevard,St. Paul,"Ramsey County, Minnesota",227.0,Bede Store #227,2017-10-02 00:00:00,Midwest,Small,Minnesota,55109.0,22300.0,Midwest-2,Store,10,20,11,18
209,Castlereagh Store #209,209 Castlereagh Way,Bend,Oregon,97701.0,"Deschutes County, Oregon",West,2015-03-04 00:00:00,2023-08-21 00:00:00,44.1123,-121.2063,Large,10000.0,56.0,Curbside Pickup,47400.0,57900.0,2023-08-21 00:00:00,10000.0,56.0,Curbside Pickup,0.349,795.0,196860.0,False,garage,47400.0,209 Castlereagh Way,Bend,"Deschutes County, Oregon",209.0,Castlereagh Store #209,2015-03-04 00:00:00,West,Large,Oregon,97701.0,57900.0,West-1,Store,9,21,10,20
334,Coal Store #334,334 Coal Wharf Rue,Avondale,Arizona,85323.0,"Maricopa County, Arizona",Southwest,2018-11-29 00:00:00,2020-02-11 00:00:00,33.4191,-112.3269,Large,11100.0,25.0,Ship to Residence,44200.0,53000.0,2020-02-11 00:00:00,11100.0,25.0,Ship to Residence,0.361,636.0,156880.0,True,lot,44200.0,334 Coal Wharf Rue,Avondale,"Maricopa County, Arizona",334.0,Coal Store #334,2018-11-29 00:00:00,Southwest,Large,Arizona,85323.0,53000.0,Southwest-1,Store,9,21,10,20
788,Cobden Store #788,788 Cobden Lane,Lake Forest,California,92630.0,"Orange County, California",West,2016-10-20 00:00:00,2023-01-28 00:00:00,33.6457,-117.6855,Small,5700.0,56.0,,18100.0,22300.0,2023-01-28 00:00:00,5700.0,56.0,,0.376,271.0,67569.0,True,lot,18100.0,788 Cobden Lane,Lake Forest,"Orange County, California",788.0,Cobden Store #788,2016-10-20 00:00:00,West,Small,California,92630.0,22300.0,West-4,Store,10,20,11,18
766,Earl Store #766,766 Earl Rise Walk,Toledo,Ohio,43601.0,"Lucas County, Ohio",Midwest,2017-10-13 00:00:00,2022-11-02 00:00:00,41.6599,-83.58,Large,1300.0,43.0,Ship to Residence,46900.0,58200.0,2022-11-02 00:00:00,1300.0,43.0,Ship to Residence,,,,False,street,46900.0,766 Earl Rise Walk,Toledo,"Lucas County, Ohio",766.0,Earl Store #766,2017-10-13 00:00:00,Midwest,Large,Ohio,43601.0,58200.0,Midwest-3,Store,9,21,10,20
9999,Central Warehouse,,,,,,,,,,,,,,,,,,,,,,,,,,,,,,9999.0,Central Warehouse,,,,,,,,Warehouse,0,24,0,24
